Link ID,Start Node,Start Node Eastings,Start Node Northings,Start Node Latitude,Start Node Longitude,End Node,End Node Eastings,End Node Northings,End Node Latitude,End Node Longitude,Region,Road Type
722-50059,722,834038.674,816345.067,22.28599503,114.1552417,50059,833862.7,816441.553,22.28686612,114.153534,HK,MAJOR ROUTE
724-722,724,834148.783,816250.647,22.2851425,114.1563103,722,834038.674,816345.067,22.28599503,114.1552417,HK,URBAN ROAD
752-875,752,835099.22,815634.373,22.27957805,114.1655334,875,834918.334,815759.379,22.28070681,114.1637781,HK,URBAN ROAD
756-752,756,835352.749,815640.774,22.27963601,114.1679935,752,835099.22,815634.373,22.27957805,114.1655334,HK,URBAN ROAD
760-756,760,835602.186,815600.695,22.27927419,114.1704138,756,835352.749,815640.774,22.27963601,114.1679935,HK,URBAN ROAD
762-50078,762,836029.641,815629.493,22.27953436,114.1745615,50078,836298.985,815671.02,22.27990939,114.177175,HK,MAJOR ROUTE
781-50098,781,836585.353,815155.819,22.27525677,114.1799536,50098,836705.363,815357.127,22.27707468,114.1811181,HK,MAJOR ROUTE
786-7861,786,836793.573,815852.754,22.28155049,114.1819742,7861,836714.038,815819.064,22.28124627,114.1812024,HK,URBAN ROAD
787-788,787,836656.904,815755.248,22.28066998,114.180648,788,836606.459,815875.71,22.28175784,114.1801585,HK,MAJOR ROUTE
787-7882,787,836656.904,815755.248,22.28066998,114.180648,7882,836603.538,815878.324,22.28178145,114.1801302,HK,MAJOR ROUTE
787-50179,787,836656.904,815755.248,22.28066998,114.180648,50179,836362.957,815673.882,22.27993524,114.1777957,HK,MAJOR ROUTE
788-868,788,836606.459,815875.71,22.28175784,114.1801585,868,836682.388,815883.302,22.28182638,114.1808953,HK,MAJOR ROUTE
789-7908,789,836748.301,815908.341,22.28205248,114.1815349,7908,836950.758,815938.449,22.28232431,114.1834994,HK,URBAN ROAD
793-877,793,837428.196,816174.589,22.28445655,114.1881324,877,837616.85,816570.66,22.28803318,114.1899633,HK,MAJOR ROUTE
793-7918,793,837434.612,816161.378,22.28433724,114.1881946,7918,837006.391,815940.388,22.2823418,114.1840393,HK,URBAN ROAD
811-818,811,838249.981,817134.408,22.29312356,114.1961078,818,838881.248,817243.884,22.29411136,114.2022339,HK,MAJOR ROUTE
818-821,818,838881.248,817243.884,22.29411136,114.2022339,821,839406.398,817161.385,22.29336546,114.2073299,HK,MAJOR ROUTE
821-50107,821,839406.398,817161.385,22.29336546,114.2073299,50107,839823.434,816928.645,22.29126286,114.2113764,HK,MAJOR ROUTE
868-870,868,836682.388,815883.302,22.28182638,114.1808953,870,836803.159,815997.652,22.282859,114.1820672,HK,MAJOR ROUTE
870-4651,870,836803.159,815997.652,22.282859,114.1820672,4651,836884.007,816087.665,22.28367185,114.1828518,HK,MAJOR ROUTE
875-3402,875,834918.334,815759.379,22.28070681,114.1637781,3402,834754.135,815848.947,22.28151553,114.1621848,HK,URBAN ROAD
877-46498,877,837616.85,816570.66,22.28803318,114.1899633,46498,837982.489,816997.558,22.29188801,114.1935119,HK,MAJOR ROUTE
877-793,877,837626.399,816561.52,22.28795063,114.190056,793,837434.612,816161.378,22.28433724,114.1881946,HK,MAJOR ROUTE
893-4652,893,832738.968,816762.428,22.2897619,114.1426289,4652,833101.677,816778.101,22.28990414,114.1461486,HK,MAJOR ROUTE
896-724,896,834264.546,816083.739,22.28363535,114.1574338,724,834148.783,816250.647,22.2851425,114.1563103,HK,URBAN ROAD
910-931,910,840060.004,816792.715,22.29003483,114.2136717,931,840101.178,816617.612,22.28845345,114.2140709,HK,MAJOR ROUTE
930-931,930,840495.49,816655.752,22.28879695,114.2178973,931,839976.076,816575.425,22.28807274,114.2128568,HK,MAJOR ROUTE
930-9101,930,840495.49,816655.752,22.28879695,114.2178973,9101,840052.115,816777.46,22.28989708,114.2135951,HK,MAJOR ROUTE
931-4650,931,839976.076,816575.425,22.28807274,114.2128568,4650,839919.319,816768.747,22.28981869,114.2123065,HK,MAJOR ROUTE
3006-30069,3006,834913.16,818626.797,22.30660137,114.1637255,30069,834823.46,818955.081,22.3095659,114.1628547,K,URBAN ROAD
3010-888301,3010,835020.456,819072.594,22.31062727,114.1647665,888301,834711.437,818893.39,22.3090087,114.1617675,K,URBAN ROAD
3363-3369,3363,839521.209,820694.514,22.32527154,114.2084512,3369,839269.874,820683.627,22.32517368,114.2060117,K,URBAN ROAD
3368-88810,3368,839344.209,820099.964,22.31990273,114.2067321,88810,839314.866,820127.978,22.32015576,114.2064473,K,MAJOR ROUTE
3369-33691,3369,839269.874,820683.627,22.32517368,114.2060117,33691,839284.825,820586.955,22.32430065,114.2061566,K,URBAN ROAD
3369-3370,3369,839269.874,820683.627,22.32517368,114.2060117,3370,839125.949,820671.968,22.32506864,114.2046146,K,URBAN ROAD
3370-34211,3370,839125.949,820671.968,22.32506864,114.2046146,34211,838961.948,820481.832,22.32335186,114.2030225,K,URBAN ROAD
3393-88817,3393,838680.921,821720.124,22.33453478,114.2002966,88817,839074.865,821794.406,22.33520499,114.2041208,K,MAJOR ROUTE
3395-3393,3395,838185.484,821426.384,22.33188276,114.1954871,3393,838680.921,821720.124,22.33453478,114.2002966,K,MAJOR ROUTE
3402-8979,3402,834754.135,815848.947,22.28151553,114.1621848,8979,834575.127,815899.799,22.28197459,114.1604478,HK,URBAN ROAD
3417-3681,3417,837789.141,821018.42,22.32819901,114.1916394,3681,837968.472,821192.37,22.32976971,114.1933803,K,URBAN ROAD
3419-3417,3419,837531.387,820885.152,22.32699573,114.1891374,3417,837789.141,821018.42,22.32819901,114.1916394,K,URBAN ROAD
3450-34502,3450,837010.873,818912.021,22.30917749,114.1840841,34502,836989.173,818891.055,22.30898816,114.1838735,K,URBAN ROAD
3453-46312,3453,836694.153,818344.939,22.3040565,114.1810101,46312,836633.89,818130.091,22.3021163,114.1804252,K,MAJOR ROUTE
3457-3664,3457,836587.973,817767.834,22.29884491,114.1799795,3664,836446.718,817636.666,22.2976604,114.1786087,K,MAJOR ROUTE
3458-88819,3458,836100.641,817358.907,22.29515207,114.1752503,88819,835948.908,817311.201,22.29472123,114.1737778,K,URBAN ROAD
3459-3615,3459,835807.883,817301.615,22.29463463,114.1724093,3615,835632.686,817301.908,22.29463722,114.1707091,K,URBAN ROAD
3460-78201,3460,835579.522,817480.928,22.29625387,114.1701931,78201,835418.623,817893.881,22.29998301,114.1686315,K,URBAN ROAD
3470-3006,3470,834889.426,818187.326,22.30263266,114.1634956,3006,834913.16,818626.797,22.30660137,114.1637255,K,URBAN ROAD
3480-88818,3480,836458.317,818948.326,22.30950549,114.1787214,88818,836976.843,818412.791,22.30466915,114.1837536,K,URBAN ROAD
3480-888302,3480,836458.317,818948.326,22.30950549,114.1787214,888302,836661.066,818660.839,22.30690928,114.1806891,K,MAJOR ROUTE
3483-88825,3483,836440.024,819826.139,22.31743267,114.178544,88825,836306.663,819564.477,22.31506972,114.1772496,K,MAJOR ROUTE
3484-4640,3484,836273.929,819369.685,22.31331063,114.1769319,4640,836269.025,819339.592,22.31303887,114.1768843,K,MAJOR ROUTE
3488-3489,3488,836967.085,820564.744,22.32410258,114.1836599,3489,837168.318,820663.995,22.32499878,114.1856132,K,URBAN ROAD
3489-88816,3489,837168.318,820663.995,22.32499878,114.1856132,88816,837353.75,820779.14,22.3260385,114.1874131,K,URBAN ROAD
3491-3010,3491,835320.029,818933.626,22.3093725,114.167674,3010,835020.456,819072.594,22.31062727,114.1647665,K,URBAN ROAD
3498-3499,3498,835269.643,819039.869,22.31033191,114.167185,3499,835203.267,819239.124,22.31213126,114.1665406,K,URBAN ROAD
3499-88822,3499,835203.267,819239.124,22.31213126,114.1665406,88822,835098.871,819181.09,22.31160711,114.1655275,K,URBAN ROAD
3500-3499,3500,835453.715,819296.604,22.31265047,114.1689713,3499,835203.267,819239.124,22.31213126,114.1665406,K,URBAN ROAD
3502-3500,3502,835629.414,819329.703,22.31294945,114.1706765,3500,835453.715,819296.604,22.31265047,114.1689713,K,URBAN ROAD
3503-3502,3503,835971.906,819718.872,22.31646397,114.1740005,3502,835629.414,819329.703,22.31294945,114.1706765,K,URBAN ROAD
3504-888231,3504,836128.396,819945.362,22.31850933,114.1755194,888231,836009.355,819775.102,22.31697177,114.174364,K,URBAN ROAD
3505-3504,3505,836334.997,820230.44,22.32108376,114.1775246,3504,836128.396,819945.362,22.31850933,114.1755194,K,URBAN ROAD
3506-3483,3506,836482.181,819918.657,22.31826816,114.1789532,3483,836440.024,819826.139,22.31743267,114.178544,K,MAJOR ROUTE
3615-3460,3615,835632.686,817301.908,22.29463722,114.1707091,3460,835579.522,817480.928,22.29625387,114.1701931,K,URBAN ROAD
3632-46322,3632,842224.694,818075.31,22.30161132,114.2346825,46322,842034.07,817933.434,22.30033074,114.232832,K,MAJOR ROUTE
3633-3632,3633,842093.024,818642.008,22.3067294,114.2334068,3632,842224.694,818075.31,22.30161132,114.2346825,K,MAJOR ROUTE
3637-888151,3637,841500.294,818838.784,22.30850831,114.2276549,888151,842053.671,818696.967,22.30722585,114.233025,K,MAJOR ROUTE
3639-88814,3639,840935.412,818601.61,22.30636811,114.2221719,88814,841123.667,818587.958,22.3062443,114.2239989,K,MAJOR ROUTE
3643-88813,3643,839537.601,819872.588,22.31784903,114.2086087,88813,839988.562,819731.898,22.3165776,114.2129853,K,MAJOR ROUTE
3644-3690,3644,839174.133,821171.9,22.32958324,114.2050832,3690,839111.955,820458.628,22.32314208,114.2044784,K,MAJOR ROUTE
3651-4632,3651,841880.892,817878.688,22.29983686,114.2313453,4632,842015.881,817960.926,22.30057908,114.2326556,HK,MAJOR ROUTE
3664-3458,3664,836446.718,817636.666,22.2976604,114.1786087,3458,836100.641,817358.907,22.29515207,114.1752503,K,URBAN ROAD
3681-3395,3681,837968.472,821192.37,22.32976971,114.1933803,3395,838185.484,821426.384,22.33188276,114.1954871,K,URBAN ROAD
3690-3643,3690,839111.955,820458.628,22.32314208,114.2044784,3643,839537.601,819872.588,22.31784903,114.2086087,K,MAJOR ROUTE
3692-46332,3692,834538.393,818512.558,22.30556939,114.1600885,46332,834395.219,818269.104,22.3033707,114.1586993,K,MAJOR ROUTE
3715-3457,3715,837030.317,817998.638,22.30092907,114.1842724,3457,836587.973,817767.834,22.29884491,114.1799795,K,MAJOR ROUTE
4640-4643,4640,836269.025,819339.592,22.31303887,114.1768843,4643,836380.592,819078.673,22.31068261,114.1779671,K,MAJOR ROUTE
4643-3480,4643,836380.592,819078.673,22.31068261,114.1779671,3480,836458.317,818948.326,22.30950549,114.1787214,K,MAJOR ROUTE
4644-88801,4644,835228.606,819561.765,22.31504492,114.1667863,88801,835232.243,819528.557,22.31474503,114.1668217,K,MAJOR ROUTE
4646-88806,4646,836422.941,820573.545,22.3241822,114.1783783,88806,836421.253,820544.801,22.32392262,114.1783619,K,URBAN ROAD
4647-46478,4647,836609.24,814749.535,22.27158776,114.1801853,46478,836600.096,814778.361,22.27184808,114.1800966,HK,MAJOR ROUTE
4648-46488,4648,835776.133,815604.834,22.27931162,114.1721017,46488,835804.774,815605.457,22.27931726,114.1723796,HK,MAJOR ROUTE
4649-46497,4649,838019.353,817012.047,22.29201882,114.1938696,46497,837992.283,816985.248,22.29177683,114.1936069,HK,MAJOR ROUTE
4649-46499,4649,838010.672,817025.768,22.29214274,114.1937854,46499,838040.608,817047.877,22.29234236,114.1940759,HK,MAJOR ROUTE
4650-3651,4650,839919.319,816768.747,22.28981869,114.2123065,3651,841880.892,817878.688,22.29983686,114.2313453,HK,MAJOR ROUTE
4651-4631,4651,836884.007,816087.665,22.28367185,114.1828518,4631,836599.836,818132.347,22.30213668,114.1800947,HK,MAJOR ROUTE
4652-4633,4652,833101.677,816778.101,22.28990414,114.1461486,4633,834364.207,818290.731,22.30356597,114.1583983,HK,MAJOR ROUTE
5011-50119,5011,840851.058,816261.521,22.28523589,114.2213465,50119,840850.736,816287.253,22.28546827,114.2213435,HK,MAJOR ROUTE
7861-7871,7861,836714.038,815819.064,22.28124627,114.1812024,7871,836643.102,815784.132,22.28093082,114.1805141,HK,URBAN ROAD
7861-50179,7861,836714.038,815819.064,22.28124627,114.1812024,50179,836362.957,815673.882,22.27993524,114.1777957,HK,URBAN ROAD
7871-7881,7871,836643.102,815784.132,22.28093082,114.1805141,7881,836592.753,815897.731,22.28195671,114.1800256,HK,URBAN ROAD
7881-870,7881,836592.753,815897.731,22.28195671,114.1800256,870,836803.159,815997.652,22.282859,114.1820672,HK,MAJOR ROUTE
7891-789,7881,836701.913,815918.062,22.28214028,114.1810848,789,836748.301,815908.341,22.28205248,114.1815349,HK,MAJOR ROUTE
7882-7891,7882,836603.538,815878.324,22.28178145,114.1801302,7891,836701.913,815918.062,22.28214028,114.1810848,HK,MAJOR ROUTE
7883-7891,7883,836596.707,815890.625,22.28189253,114.1800639,7891,836701.913,815918.062,22.28214028,114.1810848,HK,MAJOR ROUTE
7908-7909,7908,836950.758,815938.449,22.28232431,114.1834994,7909,837000.797,815961.774,22.28253493,114.183985,HK,URBAN ROAD
7909-793,7909,837000.797,815961.774,22.28253493,114.183985,793,837428.196,816174.589,22.28445655,114.1881324,HK,URBAN ROAD
7918-7919,7918,837006.391,815940.388,22.2823418,114.1840393,7919,836956.857,815917.381,22.28213405,114.1835586,HK,URBAN ROAD
7919-786,7919,836956.857,815917.381,22.28213405,114.1835586,786,836793.573,815852.754,22.28155049,114.1819742,HK,URBAN ROAD
8111-46495,8111,838254.2,817119.959,22.29299308,114.1961487,46495,838048.299,817035.81,22.29223338,114.1941505,HK,MAJOR ROUTE
8182-8111,8182,838886.659,817228.946,22.29397645,114.2022864,8111,838254.2,817119.959,22.29299308,114.1961487,HK,MAJOR ROUTE
8212-8182,8212,839401.015,817147.538,22.29324043,114.2072776,8182,838886.659,817228.946,22.29397645,114.2022864,HK,MAJOR ROUTE
8978-896,8978,834523.708,815916.074,22.28212151,114.1599488,896,834264.546,816083.739,22.28363535,114.1574338,HK,URBAN ROAD
8979-8978,8979,834575.127,815899.799,22.28197459,114.1604478,8978,834523.708,815916.074,22.28212151,114.1599488,HK,URBAN ROAD
9101-50108,9101,840052.115,816777.46,22.28989708,114.2135951,50108,839863.478,816886.033,22.29087797,114.2117649,HK,MAJOR ROUTE
30069-888301,30069,834823.46,818955.081,22.3095659,114.1628547,888301,834711.437,818893.39,22.3090087,114.1617675,K,URBAN ROAD
33671-3363,33671,839539.341,820612.792,22.32453351,114.2086271,3363,839521.209,820694.514,22.32527154,114.2084512,K,URBAN ROAD
33681-3643,33681,839352.89,820107.684,22.31997243,114.2068163,3643,839537.601,819872.588,22.31784903,114.2086087,K,MAJOR ROUTE
33691-33671,33691,839284.825,820586.955,22.32430065,114.2061566,33671,839539.341,820612.792,22.32453351,114.2086271,K,URBAN ROAD
33701-3369,33701,839125.854,820681.893,22.32515827,114.2046137,3369,839269.874,820683.627,22.32517368,114.2060117,K,URBAN ROAD
34211-33681,34211,838961.948,820481.832,22.32335186,114.2030225,33681,839352.89,820107.684,22.31997243,114.2068163,K,MAJOR ROUTE
34212-34213,34212,839032.263,820399.522,22.32260844,114.2037048,34213,838795.019,820547.703,22.32394697,114.2014023,K,MAJOR ROUTE
34212-33701,34212,839032.263,820399.522,22.32260844,114.2037048,33701,839125.854,820681.893,22.32515827,114.2046137,K,URBAN ROAD
34213-34222,34213,838795.019,820547.703,22.32394697,114.2014023,34222,837777.736,820479.786,22.32333484,114.1915282,K,MAJOR ROUTE
34214-34211,34214,838796.309,820560.136,22.32405925,114.2014149,34211,838961.948,820481.832,22.32335186,114.2030225,K,MAJOR ROUTE
34221-34214,34221,837768.505,820483.126,22.32336501,114.1914386,34214,838796.309,820560.136,22.32405925,114.2014149,K,MAJOR ROUTE
34222-888241,34222,837777.736,820479.786,22.32333484,114.1915282,888241,837675.498,820244.302,22.32120836,114.1905357,K,MAJOR ROUTE
34371-88821,34371,837346.446,819464.44,22.31416598,114.1873413,88821,837650.4,820182.864,22.32065356,114.190292,K,MAJOR ROUTE
34372-3450,34372,837354.848,819455.342,22.31408382,114.1874229,3450,837010.873,818912.021,22.30917749,114.1840841,K,MAJOR ROUTE
34481-34371,34481,837004.89,818935.405,22.30938866,114.1840261,34371,837346.446,819464.44,22.31416598,114.1873413,K,MAJOR ROUTE
34501-34481,34501,836830.285,818807.735,22.30823579,114.1823314,34481,837004.89,818935.405,22.30938866,114.1840261,K,URBAN ROAD
34502-88812,34502,836989.173,818891.055,22.30898816,114.1838735,88812,836747.719,818732.879,22.30755982,114.1815301,K,URBAN ROAD
34551-34554,34551,836573.237,818583.439,22.30621033,114.1798367,34554,836683.275,818691.309,22.30718443,114.1809047,K,URBAN ROAD
34552-88803,34552,836588.377,818563.869,22.30603359,114.1799836,88803,836458.943,818526.587,22.30569693,114.1787275,K,URBAN ROAD
34554-34501,34554,836683.275,818691.309,22.30718443,114.1809047,34501,836830.285,818807.735,22.30823579,114.1823314,K,URBAN ROAD
34554-888302,34554,836683.275,818691.309,22.30718443,114.1809047,888302,836661.066,818660.839,22.30690928,114.1806891,K,URBAN ROAD
34781-36662,34781,836398.307,818543.592,22.30585051,114.178139,36662,835997.232,818679.961,22.30708198,114.1742465,K,URBAN ROAD
34783-88805,34783,836432.903,818548.685,22.30589649,114.1784747,88805,836463.722,818544.811,22.30586151,114.1787738,K,URBAN ROAD
34982-36661,34982,835297.849,819038.497,22.31031953,114.1674587,36661,836000.337,818685.152,22.30712886,114.1742767,K,URBAN ROAD
35071-3488,35071,836398.278,820324.278,22.32193117,114.1781389,3488,836967.085,820564.744,22.32410258,114.1836599,K,URBAN ROAD
35071-3505,35071,836398.278,820324.278,22.32193117,114.1781389,3505,836334.997,820230.44,22.32108376,114.1775246,K,URBAN ROAD
36511-46502,36511,841899.095,817854.503,22.2996184,114.2315219,46502,839931.964,816756.4,22.28970716,114.2124292,K,MAJOR ROUTE
36661-34783,36661,836000.337,818685.152,22.30712886,114.1742767,34783,836432.903,818548.685,22.30589649,114.1784747,K,URBAN ROAD
36662-3498,36662,835997.232,818679.961,22.30708198,114.1742465,3498,835269.643,819039.869,22.31033191,114.167185,K,URBAN ROAD
36821-3491,36821,835268.36,819250.732,22.31223613,114.1671724,3491,835320.029,818933.626,22.3093725,114.167674,K,URBAN ROAD
36821-34982,36821,835268.36,819250.732,22.31223613,114.1671724,34982,835297.849,819038.497,22.31031953,114.1674587,K,MAJOR ROUTE
46312-46319,46312,836633.89,818130.091,22.3021163,114.1804252,46319,836650.693,817917.971,22.30020073,114.1805883,K,MAJOR ROUTE
46319-46512,46319,836650.693,817917.971,22.30020073,114.1805883,46512,836893.978,816083.846,22.28363736,114.1829485,K,MAJOR ROUTE
46322-36511,46322,842034.07,817933.434,22.30033074,114.232832,36511,841899.095,817854.503,22.2996184,114.2315219,K,MAJOR ROUTE
46332-46522,46332,833112.038,816768.056,22.28981344,114.1462491,46522,834395.219,818269.104,22.3033707,114.1586993,K,MAJOR ROUTE
46478-46479,46478,836600.096,814778.361,22.27184808,114.1800966,46479,836538.931,814955.598,22.27344865,114.1795031,HK,MAJOR ROUTE
46479-781,46479,836538.931,814955.598,22.27344865,114.1795031,781,836585.353,815155.819,22.27525677,114.1799536,HK,MAJOR ROUTE
46488-762,46488,835804.774,815605.457,22.27931726,114.1723796,762,836029.641,815629.493,22.27953436,114.1745615,HK,MAJOR ROUTE
46495-4649,46495,838048.299,817035.81,22.29223338,114.1941505,4649,838019.353,817012.047,22.29201882,114.1938696,HK,MAJOR ROUTE
46497-877,46497,837992.283,816985.248,22.29177683,114.1936069,877,837626.399,816561.52,22.28795063,114.190056,HK,MAJOR ROUTE
46498-4649,46498,837982.489,816997.558,22.29188801,114.1935119,4649,838010.672,817025.768,22.29214274,114.1937854,HK,MAJOR ROUTE
46499-811,46499,838040.608,817047.877,22.29234236,114.1940759,811,838249.981,817134.408,22.29312356,114.1961078,HK,MAJOR ROUTE
50018-760,50018,835747.625,815588.61,22.2791651,114.1718251,760,835602.186,815600.695,22.27927419,114.1704138,HK,MAJOR ROUTE
50019-50018,50019,835803.901,815589.008,22.27916871,114.1723711,50018,835747.625,815588.61,22.2791651,114.1718251,HK,MAJOR ROUTE
50045-50049,50045,833566.611,816541.012,22.28776386,114.1506607,50049,833323.351,816607.564,22.28836447,114.1483,HK,MAJOR ROUTE
50048-893,50048,833272.432,816617.227,22.28845165,114.1478059,893,832738.968,816762.428,22.2897619,114.1426289,HK,MAJOR ROUTE
50049-50048,50049,833323.351,816607.564,22.28836447,114.1483,50048,833272.432,816617.227,22.28845165,114.1478059,HK,MAJOR ROUTE
50058-50045,50058,833814.842,816458.312,22.2870174,114.1530696,50045,833566.611,816541.012,22.28776386,114.1506607,HK,MAJOR ROUTE
50059-50058,50059,833862.7,816441.553,22.28686612,114.153534,50058,833814.842,816458.312,22.2870174,114.1530696,HK,MAJOR ROUTE
50076-7881,50076,836551.318,815844.419,22.28147527,114.1796235,7881,836592.753,815897.731,22.28195671,114.1800256,HK,MAJOR ROUTE
50076-7883,50076,836551.318,815844.419,22.28147527,114.1796235,7883,836596.707,815890.625,22.28189253,114.1800639,HK,MAJOR ROUTE
50078-50079,50078,836298.985,815671.02,22.27990939,114.177175,50079,836349.024,815690.857,22.28008853,114.1776605,HK,MAJOR ROUTE
50079-50076,50079,836349.205,815690.862,22.28008858,114.1776623,50076,836551.318,815844.419,22.28147527,114.1796235,HK,MAJOR ROUTE
50098-50099,50098,836705.363,815357.127,22.27707468,114.1811181,50099,836708.043,815420.557,22.27764749,114.1811441,HK,MAJOR ROUTE
50099-787,50099,836708.043,815420.557,22.27764749,114.1811441,787,836656.904,815755.248,22.28066998,114.180648,HK,MAJOR ROUTE
50106-8212,50106,839816.873,816917.947,22.29116627,114.2113127,8212,839401.015,817147.538,22.29324043,114.2072776,HK,MAJOR ROUTE
50107-50109,50107,839823.434,816928.645,22.29126286,114.2113764,50109,839875.054,816894.55,22.29095486,114.2118772,HK,MAJOR ROUTE
50108-50106,50108,839863.478,816886.033,22.29087797,114.2117649,50106,839816.873,816917.947,22.29116627,114.2113127,HK,MAJOR ROUTE
50109-910,50109,839875.054,816894.55,22.29095486,114.2118772,910,840060.004,816792.63,22.29003406,114.2136717,HK,MAJOR ROUTE
50119-930,50119,840850.736,816287.253,22.28546827,114.2213435,930,840495.49,816655.752,22.28879695,114.2178973,HK,MAJOR ROUTE
50178-50019,50178,836297.644,815654.668,22.27976172,114.177162,50019,835803.901,815589.008,22.27916871,114.1723711,HK,MAJOR ROUTE
50179-50178,50179,836362.957,815673.882,22.27993524,114.1777957,50178,836297.644,815654.668,22.27976172,114.177162,HK,MAJOR ROUTE
78201-88820,78201,835418.623,817893.881,22.29998301,114.1686315,88820,835350.224,818078.55,22.30165065,114.1679676,K,URBAN ROAD
88801-36821,88801,835232.243,819528.557,22.31474503,114.1668217,36821,835268.36,819250.732,22.31223613,114.1671724,K,MAJOR ROUTE
88803-34781,88803,836458.943,818526.587,22.30569693,114.1787275,34781,836398.307,818543.592,22.30585051,114.178139,K,URBAN ROAD
88805-34551,88805,836463.722,818544.811,22.30586151,114.1787738,34551,836573.237,818583.439,22.30621033,114.1798367,K,URBAN ROAD
88806-88807,88806,836421.253,820544.801,22.32392262,114.1783619,88807,836418.558,820503.762,22.32355201,114.1783357,K,URBAN ROAD
88807-3506,88807,836418.558,820503.762,22.32355201,114.1783357,3506,836482.181,819918.657,22.31826816,114.1789532,K,URBAN ROAD
88807-35071,88807,836418.558,820503.762,22.32355201,114.1783357,35071,836398.278,820324.278,22.32193117,114.1781389,K,URBAN ROAD
88810-34212,88810,839314.866,820127.978,22.32015576,114.2064473,34212,839032.263,820399.522,22.32260844,114.2037048,K,MAJOR ROUTE
88812-88827,88812,836747.719,818732.879,22.30755982,114.1815301,88827,836712.602,818694.748,22.30721548,114.1811893,K,URBAN ROAD
88813-888131,88813,839988.562,819731.898,22.3165776,114.2129853,888131,840039.042,819687.873,22.31617992,114.2134751,K,MAJOR ROUTE
88814-888141,88814,841123.667,818587.958,22.3062443,114.2239989,888141,841171.818,818619.044,22.30652489,114.2244663,K,MAJOR ROUTE
88816-888161,88816,837353.75,820779.14,22.3260385,114.1874131,888161,837403.608,820809.184,22.32630978,114.1878971,K,URBAN ROAD
88817-888171,88817,839074.865,821794.406,22.33520499,114.2041208,888171,839124.326,821765.411,22.33494307,114.2046008,K,MAJOR ROUTE
88818-888181,88818,836976.843,818412.791,22.30466915,114.1837536,888181,837009.054,818365.583,22.30424282,114.1840662,K,URBAN ROAD
88819-888191,88819,835948.908,817311.201,22.29472123,114.1737778,888191,835889.633,817306.075,22.29467493,114.1732026,K,URBAN ROAD
88820-888201,88820,835350.224,818078.55,22.30165065,114.1679676,888201,835346.075,818138.176,22.30218911,114.1679273,K,URBAN ROAD
88821-888211,88821,837650.4,820182.864,22.32065356,114.190292,888211,837668.17,820248.692,22.32124801,114.1904645,K,MAJOR ROUTE
88822-888221,88822,835098.871,819181.09,22.31160711,114.1655275,888221,835058.429,819127.715,22.31112507,114.165135,K,URBAN ROAD
88824-34372,88824,837662.065,820185.169,22.32067437,114.1904052,34372,837354.848,819455.342,22.31408382,114.1874229,K,MAJOR ROUTE
88825-3484,88825,836306.663,819564.477,22.31506972,114.1772496,3484,836273.929,819369.685,22.31331063,114.1769319,K,MAJOR ROUTE
88827-34552,88827,836712.602,818694.748,22.30721548,114.1811893,34552,836588.377,818563.869,22.30603359,114.1799836,K,URBAN ROAD
88827-888303,88827,836712.602,818694.748,22.30721548,114.1811893,888303,836748.998,818560.257,22.30600094,114.1815425,K,URBAN ROAD
888131-3639,888131,840039.042,819687.873,22.31617992,114.2134751,3639,840935.412,818601.61,22.30636811,114.2221719,K,MAJOR ROUTE
888141-3637,888141,841171.818,818619.044,22.30652489,114.2244663,3637,841500.294,818838.784,22.30850831,114.2276549,K,MAJOR ROUTE
888151-3633,888151,842053.671,818696.967,22.30722585,114.233025,3633,842093.024,818642.008,22.3067294,114.2334068,K,MAJOR ROUTE
888161-3419,888161,837403.608,820809.184,22.32630978,114.1878971,3419,837531.387,820885.152,22.32699573,114.1891374,K,URBAN ROAD
888171-3644,888171,839124.326,821765.411,22.33494307,114.2046008,3644,839174.133,821171.9,22.32958324,114.2050832,K,MAJOR ROUTE
888181-3715,888181,837009.054,818365.583,22.30424282,114.1840662,3715,837030.317,817998.638,22.30092907,114.1842724,K,URBAN ROAD
888191-3459,888191,835889.633,817306.075,22.29467493,114.1732026,3459,835807.883,817301.615,22.29463463,114.1724093,K,URBAN ROAD
888201-3470,888201,835346.075,818138.176,22.30218911,114.1679273,3470,834889.426,818187.326,22.30263266,114.1634956,K,URBAN ROAD
888211-34221,888211,837668.17,820248.692,22.32124801,114.1904645,34221,837768.505,820483.126,22.32336501,114.1914386,K,MAJOR ROUTE
888221-3010,888221,835058.429,819127.715,22.31112507,114.165135,3010,835020.456,819072.594,22.31062727,114.1647665,K,URBAN ROAD
888231-3503,888231,836009.355,819775.102,22.31697177,114.174364,3503,835971.906,819718.872,22.31646397,114.1740005,K,URBAN ROAD
888241-88824,888241,837675.498,820244.302,22.32120836,114.1905357,88824,837662.065,820185.169,22.32067437,114.1904052,K,MAJOR ROUTE
888301-3692,888301,834711.437,818893.39,22.3090087,114.1617675,3692,834538.393,818512.558,22.30556939,114.1600885,K,MAJOR ROUTE
888302-888303,888302,836661.066,818660.839,22.30690928,114.1806891,888303,836748.998,818560.257,22.30600094,114.1815425,K,MAJOR ROUTE
888303-3453,888303,836748.998,818560.257,22.30600094,114.1815425,3453,836694.153,818344.939,22.3040565,114.1810101,K,MAJOR ROUTE
991001-992001,991001,839366.623,831956.751,22.4269758,114.2069727,992001,839383.2297,831945.6056,22.42687512,114.2071339,ST,MAJOR ROUTE
991002-992004,991002,839779.5942,831665.8416,22.42434795,114.2109834,992004,839795.1736,831653.3068,22.42423472,114.2111347,ST,MAJOR ROUTE
991003-992007,991003,840045.5985,830856.5948,22.4170395,114.2135652,992007,840041.9818,830836.9245,22.41686187,114.21353,ST,MAJOR ROUTE
991004-992010,991004,839626.6447,829640.6637,22.40605992,114.2094935,992010,839609.108,829631.0478,22.40597311,114.2093231,ST,MAJOR ROUTE
991005-992013,991005,839405.757,829500.7652,22.40479698,114.2073479,992013,839389.8365,829488.6599,22.40468769,114.2071933,ST,MAJOR ROUTE
991006-992016,991006,840070.5651,830019.7784,22.40948258,114.2138057,992016,840085.3499,830006.3124,22.40936094,114.2139493,ST,MAJOR ROUTE
991007-992019,991007,840490.1867,829644.7296,22.40609472,114.2178802,992019,840502.6709,829629.1446,22.40595395,114.2180014,ST,MAJOR ROUTE
991008-992022,991008,839952.6525,828933.4681,22.39967291,114.212658,992022,839939.9847,828917.9914,22.39953318,114.2125349,ST,MAJOR ROUTE
991009-992025,991009,839637.9304,828139.0579,22.39249964,114.2095999,992025,839639.9199,828119.1577,22.39231992,114.2096192,ST,MAJOR ROUTE
991010-992028,991010,839740.3615,827835.4641,22.38975782,114.2105939,992028,839748.5206,827817.2041,22.38959291,114.2106731,ST,MAJOR ROUTE
991011-992031,991011,839804.9982,827644.9759,22.38803748,114.2112212,992031,839806.8037,827625.0576,22.38785761,114.2112387,ST,MAJOR ROUTE
991012-992034,991012,839711.674,826746.8869,22.37992746,114.210313,992034,839714.466,826727.0828,22.37974862,114.2103401,ST,MAJOR ROUTE
991013-992037,991013,839807.1027,826543.7115,22.37809249,114.2112392,992037,839821.5224,826529.8525,22.3779673,114.2113792,ST,MAJOR ROUTE
991015-992042,991015,839111.0813,829209.2483,22.40216495,114.2044856,992042,839098.9246,829193.3671,22.40202156,114.2043675,ST,MAJOR ROUTE
991016-992045,991016,838796.4868,828696.9862,22.39753946,114.2014295,992045,838785.95,828679.9869,22.39738596,114.2013271,ST,MAJOR ROUTE
991017-992048,991017,838612.2601,828386.4564,22.39473548,114.1996399,992048,838603.3507,828368.5505,22.39457379,114.1995534,ST,MAJOR ROUTE
991018-992051,991018,837938.7638,827712.2549,22.38864789,114.1930988,992051,837924.3189,827698.4222,22.38852298,114.1929585,ST,MAJOR ROUTE
991019-992054,991019,837594.6015,827298.4258,22.3849111,114.1897564,992054,837582.6504,827282.3892,22.38476629,114.1896403,ST,MAJOR ROUTE
991020-992057,991020,837263.76,826834.5752,22.38072251,114.1865434,992057,837254.1195,826817.052,22.38056427,114.1864498,ST,MAJOR ROUTE
991021-992060,991021,838517.5981,828032.8572,22.39154243,114.1987202,992060,838517.0735,828012.8675,22.39136191,114.198715,ST,MAJOR ROUTE
991022-992063,991022,838801.8698,827158.2589,22.38364395,114.2014793,992063,838797.0151,827138.857,22.38346875,114.2014321,ST,MAJOR ROUTE
991023-992066,991023,838722.7843,826856.6227,22.38092014,114.2007109,992066,838716.5506,826837.619,22.38074853,114.2006503,ST,MAJOR ROUTE
991024-992069,991024,838054.3346,826093.5234,22.37402977,114.1942192,992069,838035.007,826088.3828,22.37398337,114.1940316,ST,MAJOR ROUTE
991025-992072,991025,838242.7559,826686.7859,22.37938704,114.1960495,992072,838226.7133,826698.7152,22.37949479,114.1958937,ST,URBAN ROAD
991026-992075,991026,837659.7936,827198.7015,22.38401048,114.1903893,992075,837644.8515,827211.9955,22.38413054,114.1902442,ST,MAJOR ROUTE
991027-992078,991027,839415.3356,826793.7356,22.3803511,114.2074356,992078,839398.8817,826782.3659,22.38024846,114.2072758,ST,MAJOR ROUTE
991028-992083,991028,838945.8334,826497.5147,22.37767687,114.2028762,992083,838926.5662,826492.1503,22.37762845,114.2026891,ST,URBAN ROAD
991029-992084,991029,838942.7616,826506.0542,22.37775399,114.2028463,992084,838923.395,826501.0864,22.37770916,114.2026583,ST,MAJOR ROUTE
991030-992086,991030,836656.6604,825230.9441,22.36624111,114.180648,992086,836659.2815,825250.7689,22.36642013,114.1806734,ST,URBAN ROAD
991031-992090,991031,836206.7041,825612.9401,22.36969078,114.1762792,992090,836192.2695,825599.0966,22.36956577,114.1761391,ST,URBAN ROAD
991032-992093,991032,837360.8479,826311.0536,22.37599477,114.1874858,992093,837373.0467,826295.2047,22.37585164,114.1876042,ST,URBAN ROAD
991033-992098,991033,837474.4798,825673.9347,22.37024117,114.1885887,992098,837459.0037,825661.2902,22.37012699,114.1884384,ST,MAJOR ROUTE
991034-992101,991034,837199.7423,825298.8755,22.36685435,114.1859209,992101,837184.6222,825285.7842,22.36673614,114.1857741,ST,MAJOR ROUTE
991035-992104,991035,836829.4388,825077.9264,22.36485923,114.1823254,992104,836818.4768,825061.2293,22.36470845,114.182219,ST,URBAN ROAD
991035-992105,991035,836829.4388,825077.9264,22.36485923,114.1823254,992105,836811.8545,825068.3982,22.36477319,114.1821547,ST,MAJOR ROUTE
991036-992108,991036,836598.4275,824923.0784,22.36346092,114.1800825,992108,836585.425,824907.8819,22.36332369,114.1799563,ST,MAJOR ROUTE
991037-992111,991037,836183.6178,824539.7161,22.35999898,114.1760551,992111,836170.017,824525.0533,22.35986657,114.1759231,ST,MAJOR ROUTE
991038-992114,991038,835900.1843,824326.9328,22.3580774,114.1733034,992114,835890.0467,824309.764,22.35792235,114.173205,ST,MAJOR ROUTE
991040-992119,991040,836391.9839,826415.0704,22.37693444,114.1780783,992119,836373.0522,826408.6212,22.3768762,114.1778944,ST,MAJOR ROUTE
991041-992122,991041,836062.4749,825884.5289,22.37214336,114.1748788,992122,836055.1085,825865.9349,22.37197545,114.1748073,ST,MAJOR ROUTE
991042-992125,991042,835690.2532,825325.825,22.36709788,114.1712649,992125,835674.5113,825313.493,22.36698651,114.171112,ST,MAJOR ROUTE
991044-992130,991044,836277.2082,826776.0309,22.38019411,114.1769638,992130,836262.9832,826790.0885,22.38032106,114.1768257,ST,MAJOR ROUTE
991045-992133,991045,835424.401,826885.7949,22.38118513,114.1686828,992133,835404.9662,826881.0739,22.38114249,114.1684941,ST,MAJOR ROUTE
991046-992136,991046,835265.3781,826845.1303,22.38081783,114.1671387,992136,835246.0144,826840.1255,22.38077262,114.1669507,ST,MAJOR ROUTE
991048-992139,991048,823591.6094,836073.4027,22.46410685,114.0537105,992139,823587.3091,836053.8705,22.46393044,114.0536688,TM,MAJOR ROUTE
991049-992144,991049,823185.5732,834931.4385,22.45379138,114.0497748,992144,823175.8512,834913.9605,22.45363347,114.0496805,TM,MAJOR ROUTE
991050-992145,991050,823176.8556,834937.502,22.45384607,114.0496901,992145,823165.6758,834920.9233,22.45369627,114.0495816,TM,MAJOR ROUTE
991051-992148,991051,823142.5967,834110.2602,22.44637546,114.0493641,992148,823149.6202,834091.534,22.44620641,114.0494324,TM,MAJOR ROUTE
991052-992151,991052,823678.326,833427.3258,22.44021229,114.0545739,992151,823693.8437,833414.7083,22.44009847,114.0547248,TM,MAJOR ROUTE
991053-992154,991053,824251.1477,832940.7513,22.43582243,114.0601422,992154,824264.1649,832925.5673,22.4356854,114.0602688,TM,MAJOR ROUTE
991054-992157,991054,824679.3904,831538.9385,22.42316638,114.0643124,992157,824679.2074,831518.9393,22.42298577,114.0643107,TM,MAJOR ROUTE
991055-992160,991055,824477.5608,830423.9415,22.41309606,114.0623602,992160,824467.8497,830406.4575,22.4129381,114.062266,TM,MAJOR ROUTE
991056-992163,991056,825177.4052,826130.7426,22.37433101,114.0691873,992163,825193.276,826118.5723,22.37422121,114.0693415,TM,MAJOR ROUTE
991057-992166,991057,822969.5934,834398.4122,22.44897626,114.047681,992166,822950.9647,834391.1871,22.44891087,114.0475,TM,MAJOR ROUTE
991058-992169,991058,822177.0044,834112.8398,22.44639108,114.0399835,992169,822168.4672,834094.7564,22.44622771,114.0399008,TM,MAJOR ROUTE
991059-992172,991059,821747.3574,832993.3182,22.43627772,114.0358198,992172,821732.5605,832979.8626,22.43615609,114.0356762,TM,MAJOR ROUTE
991060-992175,991060,820906.7252,832776.8246,22.43431535,114.027656,992175,820887.0664,832780.5028,22.43434839,114.027465,TM,MAJOR ROUTE
991061-992178,991061,819759.5232,833094.2347,22.43717102,114.0165089,992178,819741.3883,833102.6634,22.43724696,114.0163326,TM,MAJOR ROUTE
991062-992181,991062,818886.8447,833053.8075,22.43679731,114.0080321,992181,818867.9042,833047.3844,22.43673911,114.0078481,TM,MAJOR ROUTE
991063-992184,991063,818300.1592,832427.9648,22.43113963,114.00234,992184,818293.611,832409.0671,22.4309689,114.0022766,TM,MAJOR ROUTE
991064-992187,991064,817587.5165,831555.5985,22.42325416,113.9954279,992187,817571.6781,831543.3901,22.42314374,113.9952742,TM,MAJOR ROUTE
991065-992190,991065,816688.3112,830696.8154,22.41548893,113.9867043,992190,816668.4696,830694.3031,22.41546602,113.9865117,TM,MAJOR ROUTE
991066-992193,991066,815971.785,830346.7926,22.41231973,113.9797495,992193,815966.4901,830327.5068,22.41214551,113.9796983,TM,MAJOR ROUTE
991067-992196,991067,815710.3657,829102.0231,22.4010758,113.9772265,992196,815706.5987,829082.3819,22.40089839,113.9771902,TM,MAJOR ROUTE
991068-992199,991068,815651.5824,828415.6289,22.39487665,113.9766645,992199,815656.6346,828396.2775,22.39470195,113.9767139,TM,MAJOR ROUTE
991069-992202,991069,815782.9817,827913.5771,22.39034446,113.977947,992202,815788.0094,827894.2193,22.39016971,113.9779961,TM,MAJOR ROUTE
991070-992205,991070,816142.8485,827019.3178,22.38227314,113.9814529,992205,816156.0456,827004.29,22.38213759,113.9815812,TM,MAJOR ROUTE
991071-992208,991071,817132.5081,826244.798,22.37529018,113.9910721,992208,817151.6159,826250.7049,22.37534373,113.9912575,TM,MAJOR ROUTE
991072-992211,991072,817870.0399,825971.1214,22.37282681,113.9982365,992211,817879.3961,825953.4448,22.37266728,113.9983275,TM,MAJOR ROUTE
991073-992214,991073,818750.5469,825367.6548,22.36738641,114.0067925,992214,818769.6203,825361.6392,22.36733228,114.0069778,TM,MAJOR ROUTE
991074-992217,991074,819521.6882,825022.2898,22.36427528,114.0142833,992217,819531.7364,825004.9972,22.36411922,114.0143811,TM,MAJOR ROUTE
991075-992220,991075,820021.1594,824374.3167,22.35842855,114.0191393,992220,820035.6587,824360.5409,22.35830428,114.0192802,TM,MAJOR ROUTE
991076-992223,991076,820857.4986,824107.2881,22.35602485,114.0272616,992223,820877.418,824109.0822,22.35604123,114.027455,TM,MAJOR ROUTE
991077-992226,991077,822037.0877,824797.7236,22.36227001,114.0387074,992226,822053.6834,824808.8853,22.36237095,114.0388685,TM,MAJOR ROUTE
991078-992229,991078,823601.492,825304.6311,22.3668599,114.0538921,992229,823620.6967,825310.1979,22.36691031,114.0540785,TM,MAJOR ROUTE
991079-992232,991079,824838.8395,825275.2169,22.36660295,114.065906,992232,824856.6812,825266.1795,22.36652146,114.0660793,TM,MAJOR ROUTE
991080-992235,991080,825808.2281,825842.5116,22.3717321,114.0753143,992235,825828.2039,825841.9638,22.37172727,114.0755082,TM,MAJOR ROUTE
991081-992238,991081,826812.6184,825618.2371,22.3697126,114.0850678,992238,826831.6998,825612.2456,22.3696586,114.0852531,TM,MAJOR ROUTE
991082-992241,991082,827721.6418,825681.8456,22.37029178,114.0938936,992241,827736.9574,825668.9848,22.37017572,114.0940424,TM,MAJOR ROUTE
991084-992246,991084,815811.2071,828287.6577,22.39372292,113.9782163,992246,815819.7469,828269.5726,22.3935597,113.9782995,TM,URBAN ROAD
991085-992248,991085,816102.5847,827379.6708,22.38552683,113.9810574,992248,816099.9254,827359.8492,22.3853478,113.9810318,TM,URBAN ROAD
991086-992252,991086,816250.8576,826554.3791,22.37807579,113.9825075,992252,816270.7124,826551.9731,22.37805429,113.9827004,TM,URBAN ROAD
991087-992254,991087,817307.7258,826004.5057,22.37312217,113.9927762,992254,817318.9023,825987.9259,22.37297256,113.992885,TM,URBAN ROAD
991088-992258,991088,818090.5262,825405.4161,22.36772056,114.0003838,992258,818107.4607,825394.7858,22.36762474,114.0005483,TM,URBAN ROAD
991089-992261,991089,819074.9106,825257.5773,22.36639563,114.009943,992261,819094.7939,825255.4226,22.36637637,114.0101361,TM,URBAN ROAD
991090-992264,991090,820117.5495,824203.7475,22.35688913,114.0200768,992264,820136.1079,824196.292,22.35682198,114.0202571,TM,URBAN ROAD
991091-992267,991091,821377.4565,824145.0369,22.35637032,114.0323092,992267,821396.1316,824152.1953,22.35643513,114.0324905,TM,URBAN ROAD
991092-992270,991092,822389.62,824619.8427,22.36066654,114.0421317,992270,822407.8636,824628.0355,22.36074067,114.0423087,TM,URBAN ROAD
991093-992273,991093,823970.7807,825184.2859,22.3657758,114.0574785,992273,823988.1326,825194.2307,22.36586573,114.0576469,TM,URBAN ROAD
991094-992276,991094,824263.7921,825402.5438,22.36774886,114.0603218,992276,824283.6024,825405.292,22.36777381,114.0605141,TM,URBAN ROAD
991095-992279,991095,825218.0823,825053.8183,22.36460609,114.0695897,992279,825233.3743,825066.7019,22.36472253,114.0697381,TM,URBAN ROAD
991096-992282,991096,826300.3737,825714.7569,22.37058133,114.0800936,992282,826320.3301,825715.3752,22.37058703,114.0802874,TM,URBAN ROAD
991097-992285,991097,827332.0744,825377.9029,22.36754504,114.0901128,992285,827352.0559,825377.0429,22.36753738,114.0903068,TM,URBAN ROAD
992001-992002,992001,839383.2297,831945.6056,22.42687512,114.2071339,992002,839747.8294,831690.1189,22.42456725,114.2106749,ST,MAJOR ROUTE
992002-992003,992002,839747.8294,831690.1189,22.42456725,114.2106749,992003,839764.0805,831678.4641,22.42446197,114.2108327,ST,MAJOR ROUTE
992003-991002,992003,839764.0805,831678.4641,22.42446197,114.2108327,991002,839779.5942,831665.8416,22.42434795,114.2109834,ST,MAJOR ROUTE
992004-992005,992004,839795.1736,831653.3068,22.42423472,114.2111347,992005,840053.0248,830895.8993,22.41739442,114.2136374,ST,MAJOR ROUTE
992005-992006,992005,840049.3542,830876.239,22.41721688,114.2136017,992006,840053.0248,830895.8993,22.41739442,114.2136374,ST,MAJOR ROUTE
992006-991003,992006,840045.5985,830856.5948,22.4170395,114.2135652,991003,840049.3542,830876.239,22.41721688,114.2136017,ST,MAJOR ROUTE
992007-993001,992007,840041.9818,830836.9245,22.41686187,114.21353,993001,839961.5617,830412.7727,22.41303175,114.212748,ST,MAJOR ROUTE
992008-992009,992008,839660.6231,829661.7624,22.40625038,114.2098235,992009,839643.6913,829651.1238,22.40615434,114.209659,ST,MAJOR ROUTE
992009-991004,992009,839643.6913,829651.1238,22.40615434,114.209659,991004,839626.6447,829640.6637,22.40605992,114.2094935,ST,MAJOR ROUTE
992010-992011,992010,839609.108,829631.0478,22.40597311,114.2093231,992011,839438.147,829524.2363,22.40500888,114.2076625,ST,MAJOR ROUTE
992011-992012,992011,839438.147,829524.2363,22.40500888,114.2076625,992012,839421.952,829512.5007,22.40490293,114.2075052,ST,MAJOR ROUTE
992012-991005,992012,839421.952,829512.5007,22.40490293,114.2075052,991005,839405.757,829500.7652,22.40479698,114.2073479,ST,MAJOR ROUTE
992013-992040,992013,839389.8365,829488.6599,22.40468769,114.2071933,992040,839136.072,829240.4802,22.40244695,114.2047283,ST,MAJOR ROUTE
992014-992015,992014,840041.7893,830047.5475,22.40973341,114.2135263,992015,840056.0118,830033.497,22.4096065,114.2136644,ST,MAJOR ROUTE
992015-991006,992015,840056.0118,830033.497,22.4096065,114.2136644,991006,840070.5651,830019.7784,22.40948258,114.2138057,ST,MAJOR ROUTE
992016-992017,992016,840085.3499,830006.3124,22.40936094,114.2139493,992017,840461.9501,829673.0274,22.40635033,114.217606,ST,MAJOR ROUTE
992017-992018,992017,840461.9501,829673.0274,22.40635033,114.217606,992018,840476.4708,829659.2832,22.40622618,114.217747,ST,MAJOR ROUTE
992018-991007,992018,840476.4708,829659.2832,22.40622618,114.217747,991007,840490.1867,829644.7296,22.40609472,114.2178802,ST,MAJOR ROUTE
992019-992020,992019,840502.6709,829629.1446,22.40595395,114.2180014,992020,839979.073,828963.5006,22.39994407,114.2129147,ST,MAJOR ROUTE
992020-992021,992020,839979.073,828963.5006,22.39994407,114.2129147,992021,839965.8628,828948.4844,22.39980849,114.2127863,ST,MAJOR ROUTE
992021-991008,992021,839965.8628,828948.4844,22.39980849,114.2127863,991008,839952.6525,828933.4681,22.39967291,114.212658,ST,MAJOR ROUTE
992022-992023,992022,839939.9847,828917.9914,22.39953318,114.2125349,992023,839635.9058,828178.9927,22.39286027,114.2095803,ST,MAJOR ROUTE
992023-992024,992023,839635.9058,828178.9927,22.39286027,114.2095803,992024,839636.6871,828159.0091,22.39267981,114.2095879,ST,MAJOR ROUTE
992024-991009,992024,839636.6871,828159.0091,22.39267981,114.2095879,991009,839637.9304,828139.0579,22.39249964,114.2095999,ST,MAJOR ROUTE
992025-992026,992025,839639.9199,828119.1577,22.39231992,114.2096192,992026,839723.5084,827871.7399,22.39008545,114.2104304,ST,MAJOR ROUTE
992026-992027,992026,839723.5084,827871.7399,22.39008545,114.2104304,992027,839731.8412,827853.5584,22.38992124,114.2105112,ST,MAJOR ROUTE
992027-991010,992027,839731.8412,827853.5584,22.38992124,114.2105112,991010,839740.3615,827835.4641,22.38975782,114.2105939,ST,MAJOR ROUTE
992028-992029,992028,839748.5206,827817.2041,22.38959291,114.2106731,992029,839798.2317,827684.3824,22.38839336,114.2111556,ST,MAJOR ROUTE
992029-992030,992029,839798.2317,827684.3824,22.38839336,114.2111556,992030,839801.9379,827664.7404,22.38821597,114.2111915,ST,MAJOR ROUTE
992030-991011,992030,839801.9379,827664.7404,22.38821597,114.2111915,991011,839804.9982,827644.9759,22.38803748,114.2112212,ST,MAJOR ROUTE
992031-993002,992031,839806.8037,827625.0576,22.38785761,114.2112387,993002,839798.8439,827487.5595,22.38661595,114.2111611,ST,MAJOR ROUTE
992032-992033,992032,839708.1148,826786.7178,22.38028716,114.2102785,992033,839709.4994,826766.7684,22.38010701,114.2102919,ST,MAJOR ROUTE
992033-991012,992033,839709.4994,826766.7684,22.38010701,114.2102919,991012,839711.674,826746.8869,22.37992746,114.210313,ST,MAJOR ROUTE
992034-992035,992034,839714.466,826727.0828,22.37974862,114.2103401,992035,839779.4593,826572.6209,22.37835361,114.2109708,ST,MAJOR ROUTE
992035-992036,992035,839793.3495,826558.2313,22.37822364,114.2111057,992036,839779.4593,826572.6209,22.37835361,114.2109708,ST,MAJOR ROUTE
992036-991013,992036,839807.1027,826543.7115,22.37809249,114.2112392,991013,839793.3495,826558.2313,22.37822364,114.2111057,ST,MAJOR ROUTE
992037-993003,992037,839821.5224,826529.8525,22.3779673,114.2113792,993003,840012.1268,826325.7997,22.37612419,114.2132295,ST,MAJOR ROUTE
992038-992039,992038,839057.338,822390.3803,22.34058701,114.2039517,992039,839047.9111,822372.7431,22.34042775,114.2038601,ST,MAJOR ROUTE
992039-991014,992039,839047.9111,822372.7431,22.34042775,114.2038601,991014,839039.1334,822354.7851,22.34026559,114.2037749,ST,MAJOR ROUTE
992040-992041,992040,839136.072,829240.4802,22.40244695,114.2047283,992041,839123.5445,829224.8903,22.40230619,114.2046066,ST,MAJOR ROUTE
992041-991015,992041,839123.5445,829224.8903,22.40230619,114.2046066,991015,839111.0813,829209.2483,22.40216495,114.2044856,ST,MAJOR ROUTE
992042-992043,992042,839098.9246,829193.3671,22.40202156,114.2043675,992043,838816.9719,828731.3422,22.39784968,114.2016285,ST,MAJOR ROUTE
992043-992044,992043,838816.9719,828731.3422,22.39784968,114.2016285,992044,838806.7973,828714.1237,22.39769421,114.2015296,ST,MAJOR ROUTE
992044-991016,992044,838806.7973,828714.1237,22.39769421,114.2015296,991016,838796.4868,828696.9862,22.39753946,114.2014295,ST,MAJOR ROUTE
992045-992046,992045,838785.95,828679.9869,22.39738596,114.2013271,992046,838631.6616,828421.4301,22.39505129,114.1998284,ST,MAJOR ROUTE
992046-992047,992046,838631.6616,828421.4301,22.39505129,114.1998284,992047,838621.8752,828403.9884,22.39489379,114.1997333,ST,MAJOR ROUTE
992047-991017,992047,838621.8752,828403.9884,22.39489379,114.1997333,991017,838612.2601,828386.4564,22.39473548,114.1996399,ST,MAJOR ROUTE
992048-993005,992048,838603.3507,828368.5505,22.39457379,114.1995534,993005,838574.5968,828292.4425,22.39388654,114.199274,ST,MAJOR ROUTE
992049-992050,992049,837967.6535,827739.9205,22.38889769,114.1933793,992050,837953.2086,827726.0877,22.38877279,114.1932391,ST,MAJOR ROUTE
992050-991018,992050,837953.2086,827726.0877,22.38877279,114.1932391,991018,837938.7638,827712.2549,22.38864789,114.1930988,ST,MAJOR ROUTE
992051-992052,992051,837924.3189,827698.4222,22.38852298,114.1929585,992052,837617.5422,827331.1935,22.38520699,114.1899791,ST,MAJOR ROUTE
992052-992053,992052,837617.5422,827331.1935,22.38520699,114.1899791,992053,837606.0718,827314.8096,22.38505904,114.1898678,ST,MAJOR ROUTE
992053-991019,992053,837606.0718,827314.8096,22.38505904,114.1898678,991019,837594.6015,827298.4258,22.3849111,114.1897564,ST,MAJOR ROUTE
992054-993006,992054,837582.6504,827282.3892,22.38476629,114.1896403,993006,837418.8699,827055.2264,22.382715,114.1880497,ST,MAJOR ROUTE
992055-992056,992055,837284.5188,826868.7598,22.3810312,114.186745,992056,837274.0175,826851.7385,22.38087749,114.186643,ST,MAJOR ROUTE
992056-991020,992056,837274.0175,826851.7385,22.38087749,114.186643,991020,837263.76,826834.5752,22.38072251,114.1865434,ST,MAJOR ROUTE
992057-993007,992057,837254.1195,826817.052,22.38056427,114.1864498,993007,837237.9165,826786.9484,22.38029243,114.1862924,ST,MAJOR ROUTE
992058-992059,992058,838522.8731,828072.4826,22.39190026,114.1987714,992059,838519.6815,828052.7404,22.39172198,114.1987404,ST,MAJOR ROUTE
992059-991021,992059,838519.6815,828052.7404,22.39172198,114.1987404,991021,838517.5981,828032.8572,22.39154243,114.1987202,ST,MAJOR ROUTE
992060-992061,992060,838517.0735,828012.8675,22.39136191,114.198715,992061,838811.9864,827196.9584,22.38399342,114.2015776,ST,MAJOR ROUTE
992061-992062,992061,838811.9864,827196.9584,22.38399342,114.2015776,992062,838806.9281,827177.6087,22.38381869,114.2015285,ST,MAJOR ROUTE
992062-991022,992062,838806.9281,827177.6087,22.38381869,114.2015285,991022,838801.8698,827158.2589,22.38364395,114.2014793,ST,MAJOR ROUTE
992063-992064,992063,838797.0151,827138.857,22.38346875,114.2014321,992064,838734.9603,826894.7221,22.38126418,114.2008292,ST,MAJOR ROUTE
992064-992065,992064,838734.9603,826894.7221,22.38126418,114.2008292,992065,838729.0773,826875.6069,22.38109156,114.200772,ST,MAJOR ROUTE
992065-991023,992065,838729.0773,826875.6069,22.38109156,114.200772,991023,838722.7843,826856.6227,22.38092014,114.2007109,ST,MAJOR ROUTE
992066-993011,992066,838716.5506,826837.619,22.38074853,114.2006503,993011,838342.1431,826187.3609,22.37487685,114.1970139,ST,MAJOR ROUTE
992067-992068,992067,838092.899,826104.139,22.3741256,114.1945937,992068,838073.5864,826098.9424,22.37407869,114.1944062,ST,MAJOR ROUTE
992068-991024,992068,838073.5864,826098.9424,22.37407869,114.1944062,991024,838054.3346,826093.5234,22.37402977,114.1942192,ST,MAJOR ROUTE
992069-992095,992069,838035.007,826088.3828,22.37398337,114.1940316,992095,837502.1187,825702.8392,22.37050217,114.1888571,ST,MAJOR ROUTE
992070-992071,992070,838276.0978,826664.7014,22.37918757,114.1963732,992071,838259.2138,826675.422,22.3792844,114.1962093,ST,URBAN ROAD
992071-991025,992071,838259.2138,826675.422,22.3792844,114.1962093,991025,838242.7559,826686.7859,22.37938704,114.1960495,ST,URBAN ROAD
992072-993009,992072,838226.7133,826698.7152,22.37949479,114.1958937,993009,837825.3492,827049.691,22.3826647,114.1919968,ST,URBAN ROAD
992073-992074,992073,837690.6981,827173.3496,22.38378151,114.1906894,992074,837675.7141,827186.5961,22.38390115,114.1905439,ST,MAJOR ROUTE
992074-991026,992074,837675.7141,827186.5961,22.38390115,114.1905439,991026,837659.7936,827198.7015,22.38401048,114.1903893,ST,MAJOR ROUTE
992075-993006,992075,837644.8515,827211.9955,22.38413054,114.1902442,993006,837418.8699,827055.2264,22.382715,114.1880497,ST,MAJOR ROUTE
992076-992077,992076,839448.079,826816.7108,22.38055852,114.2077536,992077,839431.7223,826805.2018,22.38045462,114.2075947,ST,MAJOR ROUTE
992077-991027,992077,839431.7223,826805.2018,22.38045462,114.2075947,991027,839415.3356,826793.7356,22.3803511,114.2074356,ST,MAJOR ROUTE
992078-993010,992078,839398.8817,826782.3659,22.38024846,114.2072758,993010,839027.9925,826533.9414,22.37800569,114.203674,ST,MAJOR ROUTE
992079-992081,992079,838983.7408,826510.2715,22.37779201,114.2032443,992081,838964.8577,826503.6851,22.37773256,114.2030609,ST,URBAN ROAD
992080-992082,992080,838981.1794,826517.1703,22.37785431,114.2032194,992082,838962.0515,826511.3344,22.37780164,114.2030337,ST,MAJOR ROUTE
992081-991028,992081,838964.8577,826503.6851,22.37773256,114.2030609,991028,838945.8334,826497.5147,22.37767687,114.2028762,ST,URBAN ROAD
992082-991029,992082,838962.0515,826511.3344,22.37780164,114.2030337,991029,838942.7616,826506.0542,22.37775399,114.2028463,ST,MAJOR ROUTE
992083-992070,992083,838926.5662,826492.1503,22.37762845,114.2026891,992070,838276.0978,826664.7014,22.37918757,114.1963732,ST,URBAN ROAD
992084-993011,992084,838923.395,826501.0864,22.37770916,114.2026583,993011,838342.1431,826187.3609,22.37487685,114.1970139,ST,MAJOR ROUTE
992085-991030,992085,836656.0799,825210.9778,22.3660608,114.1806423,991030,836656.6604,825230.9441,22.36624111,114.180648,ST,URBAN ROAD
992086-992087,992086,836659.2815,825250.7689,22.36642013,114.1806734,992087,836662.3902,825270.5251,22.36659854,114.1807036,ST,URBAN ROAD
992087-993012,992087,836662.3902,825270.5251,22.36659854,114.1807036,993012,836464.5067,825769.519,22.37110476,114.1787824,ST,URBAN ROAD
992088-992089,992088,836236.747,825639.1953,22.36992788,114.1765709,992089,836220.8845,825627.0439,22.36981815,114.1764169,ST,URBAN ROAD
992089-991031,992089,836220.8845,825627.0439,22.36981815,114.1764169,991031,836206.7041,825612.9401,22.36969078,114.1762792,ST,URBAN ROAD
992090-993013,992090,836192.2695,825599.0966,22.36956577,114.1761391,993013,835731.7104,825360.6228,22.36741214,114.1716674,ST,URBAN ROAD
992091-992092,992091,837337.3622,826343.4255,22.37628712,114.1872578,992092,837348.8255,826327.0367,22.37613911,114.1873691,ST,URBAN ROAD
992092-991032,992092,837360.8479,826311.0536,22.37599477,114.1874858,991032,837348.8255,826327.0367,22.37613911,114.1873691,ST,URBAN ROAD
992093-992094,992093,837373.0467,826295.2047,22.37585164,114.1876042,992094,837506.4532,825697.3475,22.37045258,114.1888991,ST,URBAN ROAD
992094-992096,992094,837491.5723,825684.0085,22.37033213,114.1887546,992096,837506.4532,825697.3475,22.37045258,114.1888991,ST,URBAN ROAD
992095-992097,992095,837502.1187,825702.8392,22.37050217,114.1888571,992097,837488.4721,825688.2251,22.37037021,114.1887245,ST,MAJOR ROUTE
992096-991033,992096,837491.5723,825684.0085,22.37033213,114.1887546,991033,837474.4798,825673.9347,22.37024117,114.1885887,ST,URBAN ROAD
992097-991033,992097,837488.4721,825688.2251,22.37037021,114.1887245,991033,837474.4798,825673.9347,22.37024117,114.1885887,ST,MAJOR ROUTE
992098-992099,992098,837459.0037,825661.2902,22.37012699,114.1884384,992099,837229.949,825325.0967,22.36709113,114.1862142,ST,MAJOR ROUTE
992099-992100,992099,837214.8505,825311.9805,22.36697269,114.1860676,992100,837229.949,825325.0967,22.36709113,114.1862142,ST,MAJOR ROUTE
992100-991034,992100,837199.7423,825298.8755,22.36685435,114.1859209,991034,837214.8505,825311.9805,22.36697269,114.1860676,ST,MAJOR ROUTE
992101-992102,992101,837184.6222,825285.7842,22.36673614,114.1857741,992102,836864.8479,825096.5262,22.36502718,114.1826692,ST,MAJOR ROUTE
992102-992103,992102,836864.8479,825096.5262,22.36502718,114.1826692,992103,836847.0874,825087.3325,22.36494416,114.1824968,ST,MAJOR ROUTE
992103-991035,992103,836847.0874,825087.3325,22.36494416,114.1824968,991035,836829.4388,825077.9264,22.36485923,114.1823254,ST,MAJOR ROUTE
992104-992085,992104,836818.4768,825061.2293,22.36470845,114.182219,992085,836656.0799,825210.9778,22.3660608,114.1806423,ST,URBAN ROAD
992105-992106,992105,836811.8545,825068.3982,22.36477319,114.1821547,992106,836627.047,824950.9593,22.3637127,114.1803604,ST,MAJOR ROUTE
992106-992107,992106,836612.2475,824937.5317,22.36359144,114.1802167,992107,836627.047,824950.9593,22.3637127,114.1803604,ST,MAJOR ROUTE
992107-991036,992107,836598.4275,824923.0784,22.36346092,114.1800825,991036,836612.2475,824937.5317,22.36359144,114.1802167,ST,MAJOR ROUTE
992108-993014,992108,836585.425,824907.8819,22.36332369,114.1799563,993014,836370.1951,824731.2788,22.3617289,114.1778666,ST,MAJOR ROUTE
992109-992110,992109,836210.8785,824568.9879,22.36026333,114.1763198,992110,836197.2106,824554.3869,22.36013147,114.1761871,ST,MAJOR ROUTE
992110-991037,992110,836197.2106,824554.3869,22.36013147,114.1761871,991037,836183.6178,824539.7161,22.35999898,114.1760551,ST,MAJOR ROUTE
992111-992112,992111,836170.017,824525.0533,22.35986657,114.1759231,992112,835928.3868,824354.9785,22.35833067,114.1735772,ST,MAJOR ROUTE
992112-992113,992112,835912.9395,824342.2889,22.35821607,114.1734272,992113,835928.3868,824354.9785,22.35833067,114.1735772,ST,MAJOR ROUTE
992113-991038,992113,835900.1843,824326.9328,22.3580774,114.1733034,991038,835912.9395,824342.2889,22.35821607,114.1734272,ST,MAJOR ROUTE
992114-993015,992114,835890.0467,824309.764,22.35792235,114.173205,993015,835894.2349,824187.3438,22.35681683,114.1732457,ST,MAJOR ROUTE
992115-993016,992115,836740.3734,823038.7661,22.3464445,114.1814601,993016,836738.5515,823043.6365,22.34648849,114.1814424,ST,MAJOR ROUTE
992116-991039,992116,836746.3219,823004.6312,22.34613625,114.1815178,991039,836744.4697,823024.51,22.34631576,114.1814999,ST,MAJOR ROUTE
992117-992118,992117,836429.6433,826428.5526,22.37705619,114.1784439,992118,836410.8136,826421.8115,22.37699532,114.1782611,ST,MAJOR ROUTE
992118-991040,992118,836410.8136,826421.8115,22.37699532,114.1782611,991040,836391.9839,826415.0704,22.37693444,114.1780783,ST,MAJOR ROUTE
992119-992120,992119,836373.0522,826408.6212,22.3768762,114.1778944,992120,836076.4215,825922.0151,22.37248188,114.1750142,ST,MAJOR ROUTE
992120-992121,992120,836076.4215,825922.0151,22.37248188,114.1750142,992121,836069.6027,825903.2134,22.37231209,114.174948,ST,MAJOR ROUTE
992121-991041,992121,836069.6027,825903.2134,22.37231209,114.174948,991041,836062.4749,825884.5289,22.37214336,114.1748788,ST,MAJOR ROUTE
992122-993013,992122,836055.1085,825865.9349,22.37197545,114.1748073,993013,835731.7104,825360.6228,22.36741214,114.1716674,ST,MAJOR ROUTE
992123-992124,992123,835720.8031,825351.6455,22.36733106,114.1715615,992124,835705.5282,825338.7353,22.36721447,114.1714132,ST,MAJOR ROUTE
992124-991042,992124,835705.5282,825338.7353,22.36721447,114.1714132,991042,835690.2532,825325.825,22.36709788,114.1712649,ST,MAJOR ROUTE
992125-993017,992125,835674.5113,825313.493,22.36698651,114.171112,993017,834821.9649,824311.3009,22.35793567,114.1628353,ST,MAJOR ROUTE
992126-992127,992126,832980.8479,822769.1088,22.34400628,114.1449638,992127,832966.4794,822755.2031,22.34388067,114.1448243,ST,MAJOR ROUTE
992127-991043,992127,832966.4794,822755.2031,22.34388067,114.1448243,991043,832952.4088,822740.9898,22.34375229,114.1446878,ST,MAJOR ROUTE
992128-992129,992128,836305.5911,826747.8456,22.37993958,114.1772394,992129,836291.3997,826761.9382,22.38006685,114.1771016,ST,MAJOR ROUTE
992129-991044,992129,836291.3997,826761.9382,22.38006685,114.1771016,991044,836277.2082,826776.0309,22.38019411,114.1769638,ST,MAJOR ROUTE
992130-992131,992130,836262.9832,826790.0885,22.38032106,114.1768257,992131,835463.0772,826895.996,22.38127727,114.1690584,ST,MAJOR ROUTE
992131-992132,992131,835463.0772,826895.996,22.38127727,114.1690584,992132,835443.7725,826890.7694,22.38123006,114.1688709,ST,MAJOR ROUTE
992132-991045,992132,835443.7725,826890.7694,22.38123006,114.1688709,991045,835424.401,826885.7949,22.38118513,114.1686828,ST,MAJOR ROUTE
992133-992134,992133,835404.9662,826881.0739,22.38114249,114.1684941,992134,835304.1506,826854.9632,22.38090664,114.1675152,ST,MAJOR ROUTE
992134-992135,992134,835304.1506,826854.9632,22.38090664,114.1675152,992135,835284.7557,826850.0807,22.38086254,114.1673269,ST,MAJOR ROUTE
992135-991046,992135,835284.7557,826850.0807,22.38086254,114.1673269,991046,835265.3781,826845.1303,22.38081783,114.1671387,ST,MAJOR ROUTE
992136-993019,992136,835246.0144,826840.1255,22.38077262,114.1669507,993019,835129.9142,826809.3339,22.38049448,114.1658233,ST,MAJOR ROUTE
992137-992138,992137,832416.3317,826796.9569,22.38037877,114.1394739,992138,832401.9462,826810.8515,22.38050421,114.1393342,ST,MAJOR ROUTE
992138-991047,992138,832401.9462,826810.8515,22.38050421,114.1393342,991047,832387.5607,826824.746,22.38062966,114.1391945,ST,MAJOR ROUTE
992139-993021,992139,823587.3091,836053.8705,22.46393044,114.0536688,993021,823225.0754,834996.5499,22.45437967,114.050158,TM,MAJOR ROUTE
992140-992142,992140,823196.1382,834948.4203,22.45394482,114.0498773,992142,823206.885,834965.2862,22.4540972,114.0499816,TM,MAJOR ROUTE
992141-992143,992141,823188.3683,834953.8558,22.45399384,114.0498018,992143,823201.4071,834969.0213,22.45413089,114.0499283,TM,MAJOR ROUTE
992142-991049,992142,823185.5732,834931.4385,22.45379138,114.0497748,991049,823196.1382,834948.4203,22.45394482,114.0498773,TM,MAJOR ROUTE
992143-991050,992143,823176.8556,834937.502,22.45384607,114.0496901,991050,823188.3683,834953.8558,22.45399384,114.0498018,TM,MAJOR ROUTE
992144-992164,992144,823175.8512,834913.9605,22.45363347,114.0496805,992164,823004.7494,834417.2961,22.44914707,114.0480223,TM,MAJOR ROUTE
992145-992146,992145,823165.6758,834920.9233,22.45369627,114.0495816,992146,823128.7596,834147.7907,22.44671427,114.0492293,TM,MAJOR ROUTE
992146-992147,992146,823128.7596,834147.7907,22.44671427,114.0492293,992147,823135.6781,834129.0254,22.44654487,114.0492967,TM,MAJOR ROUTE
992147-991051,992147,823135.6781,834129.0254,22.44654487,114.0492967,991051,823142.5967,834110.2602,22.44637546,114.0493641,TM,MAJOR ROUTE
992148-992149,992148,823149.6202,834091.534,22.44620641,114.0494324,992149,823647.792,833453.1641,22.4404454,114.0542771,TM,MAJOR ROUTE
992149-992150,992149,823647.792,833453.1641,22.4404454,114.0542771,992150,823663.0466,833440.23,22.44032871,114.0544254,TM,MAJOR ROUTE
992150-991052,992150,823663.0466,833440.23,22.44032871,114.0544254,991052,823678.326,833427.3258,22.44021229,114.0545739,TM,MAJOR ROUTE
992151-992152,992151,823693.8437,833414.7083,22.44009847,114.0547248,992152,824224.506,832970.5843,22.43609165,114.0598832,TM,MAJOR ROUTE
992152-992153,992152,824237.745,832955.5954,22.43595638,114.0600119,992153,824224.506,832970.5843,22.43609165,114.0598832,TM,MAJOR ROUTE
992153-991053,992153,824251.1477,832940.7513,22.43582243,114.0601422,991053,824237.745,832955.5954,22.43595638,114.0600119,TM,MAJOR ROUTE
992154-992155,992154,824264.1649,832925.5673,22.4356854,114.0602688,992155,824678.5428,831578.9245,22.42352746,114.0643038,TM,MAJOR ROUTE
992155-992156,992155,824679.2237,831558.9361,22.42334696,114.0643106,992156,824678.5428,831578.9245,22.42352746,114.0643038,TM,MAJOR ROUTE
992156-991054,992156,824679.3904,831538.9385,22.42316638,114.0643124,991054,824679.2237,831558.9361,22.42334696,114.0643106,TM,MAJOR ROUTE
992157-992158,992157,824679.2074,831518.9393,22.42298577,114.0643107,992158,824495.6324,830459.6222,22.41341839,114.0625355,TM,MAJOR ROUTE
992158-992159,992158,824486.8414,830441.658,22.41325611,114.0624502,992159,824495.6324,830459.6222,22.41341839,114.0625355,TM,MAJOR ROUTE
992159-991055,992159,824477.5608,830423.9415,22.41309606,114.0623602,991055,824486.8414,830441.658,22.41325611,114.0624502,TM,MAJOR ROUTE
992160-993022,992160,824467.8497,830406.4575,22.4129381,114.062266,993022,824236.8595,829891.4274,22.40828553,114.0600264,TM,MAJOR ROUTE
992161-992162,992161,825161.5023,826142.8711,22.37444044,114.0690328,992162,825145.491,826154.8559,22.37454856,114.0688772,TM,MAJOR ROUTE
992162-991056,992162,825177.4052,826130.7426,22.37433101,114.0691873,991056,825161.5023,826142.8711,22.37444044,114.0690328,TM,MAJOR ROUTE
992163-993024,992163,825193.276,826118.5723,22.37422121,114.0693415,993024,825667.9161,825795.6446,22.371308,114.0739522,TM,MAJOR ROUTE
992164-992165,992164,823004.7494,834417.2961,22.44914707,114.0480223,992165,822987.6478,834406.9401,22.44905341,114.0478563,TM,MAJOR ROUTE
992165-991057,992165,822987.6478,834406.9401,22.44905341,114.0478563,991057,822969.5934,834398.4122,22.44897626,114.047681,TM,MAJOR ROUTE
992166-992167,992166,822950.9647,834391.1871,22.44891087,114.0475,992167,822196.8346,834147.5226,22.44670444,114.0401759,TM,MAJOR ROUTE
992167-992168,992167,822196.8346,834147.5226,22.44670444,114.0401759,992168,822186.2266,834130.584,22.44655139,114.040073,TM,MAJOR ROUTE
992168-991058,992168,822186.2266,834130.584,22.44655139,114.040073,991058,822177.0044,834112.8398,22.44639108,114.0399835,TM,MAJOR ROUTE
992169-992170,992169,822168.4672,834094.7564,22.44622771,114.0399008,992170,821776.8185,833020.3738,22.4365223,114.0361058,TM,MAJOR ROUTE
992170-992171,992170,821762.1539,833006.7741,22.43639936,114.0359635,992171,821776.8185,833020.3738,22.4365223,114.0361058,TM,MAJOR ROUTE
992171-991059,992171,821747.3574,832993.3182,22.43627772,114.0358198,991059,821762.1539,833006.7741,22.43639936,114.0359635,TM,MAJOR ROUTE
992172-992173,992172,821732.5605,832979.8626,22.43615609,114.0356762,992173,820946.0188,832769.3458,22.43424817,114.0280378,TM,MAJOR ROUTE
992173-992174,992173,820946.0188,832769.3458,22.43424817,114.0280378,992174,820926.3911,832773.1865,22.43428268,114.0278471,TM,MAJOR ROUTE
992174-991060,992174,820926.3911,832773.1865,22.43428268,114.0278471,991060,820906.7252,832776.8246,22.43431535,114.027656,TM,MAJOR ROUTE
992175-992176,992175,820887.0664,832780.5028,22.43434839,114.027465,992176,819794.9057,833075.5778,22.43700289,114.0168528,TM,MAJOR ROUTE
992176-992177,992176,819794.9057,833075.5778,22.43700289,114.0168528,992177,819777.2144,833084.9062,22.43708695,114.0166808,TM,MAJOR ROUTE
992177-991061,992177,819777.2144,833084.9062,22.43708695,114.0166808,991061,819759.5232,833094.2347,22.43717102,114.0165089,TM,MAJOR ROUTE
992178-992179,992178,819741.3883,833102.6634,22.43724696,114.0163326,992179,818924.7289,833066.6428,22.4369136,114.0083999,TM,MAJOR ROUTE
992179-992180,992179,818924.7289,833066.6428,22.4369136,114.0083999,992180,818905.7843,833060.2332,22.43685553,114.008216,TM,MAJOR ROUTE
992180-991062,992180,818905.7843,833060.2332,22.43685553,114.008216,991062,818886.8447,833053.8075,22.43679731,114.0080321,TM,MAJOR ROUTE
992181-992182,992181,818867.9042,833047.3844,22.43673911,114.0078481,992182,818313.0527,832465.8292,22.43148169,114.0024648,TM,MAJOR ROUTE
992182-992183,992182,818313.0527,832465.8292,22.43148169,114.0024648,992183,818306.6999,832446.865,22.43131037,114.0024033,TM,MAJOR ROUTE
992183-991063,992183,818306.6999,832446.865,22.43131037,114.0024033,991063,818300.1592,832427.9648,22.43113963,114.00234,TM,MAJOR ROUTE
992184-992185,992184,818293.611,832409.0671,22.4309689,114.0022766,992185,817619.739,831579.2921,22.42346847,113.9957406,TM,MAJOR ROUTE
992185-992186,992185,817619.739,831579.2921,22.42346847,113.9957406,992186,817603.4929,831567.6284,22.42336297,113.9955829,TM,MAJOR ROUTE
992186-991064,992186,817603.4929,831567.6284,22.42336297,113.9955829,991064,817587.5165,831555.5985,22.42325416,113.9954279,TM,MAJOR ROUTE
992187-992188,992187,817571.6781,831543.3901,22.42314374,113.9952742,992188,816727.7899,830703.223,22.41554724,113.9870877,TM,MAJOR ROUTE
992188-992189,992188,816727.7899,830703.223,22.41554724,113.9870877,992189,816708.0996,830699.7172,22.41551536,113.9868965,TM,MAJOR ROUTE
992189-991065,992189,816708.0996,830699.7172,22.41551536,113.9868965,991065,816688.3112,830696.8154,22.41548893,113.9867043,TM,MAJOR ROUTE
992190-992191,992190,816668.4696,830694.3031,22.41546602,113.9865117,992191,815982.2689,830385.3941,22.41266845,113.9798508,TM,MAJOR ROUTE
992191-992192,992191,815982.2689,830385.3941,22.41266845,113.9798508,992192,815977.0089,830366.0982,22.41249413,113.9798,TM,MAJOR ROUTE
992192-991066,992192,815977.0089,830366.0982,22.41249413,113.9798,991066,815971.785,830346.7926,22.41231973,113.9797495,TM,MAJOR ROUTE
992193-992194,992193,815966.4901,830327.5068,22.41214551,113.9796983,992194,815717.876,829141.3071,22.40143064,113.977299,TM,MAJOR ROUTE
992194-992195,992194,815717.876,829141.3071,22.40143064,113.977299,992195,815714.0945,829121.6699,22.40125326,113.9772625,TM,MAJOR ROUTE
992195-991067,992195,815714.0945,829121.6699,22.40125326,113.9772625,991067,815710.3657,829102.0231,22.4010758,113.9772265,TM,MAJOR ROUTE
992196-993025,992196,815706.5987,829082.3819,22.40089839,113.9771902,993025,815628.7864,828637.3777,22.39687886,113.9764403,TM,MAJOR ROUTE
992197-992198,992197,815646.5011,828434.9726,22.39505127,113.9766149,992198,815641.9824,828454.4554,22.39522715,113.9765708,TM,MAJOR ROUTE
992198-991068,992198,815651.5824,828415.6289,22.39487665,113.9766645,991068,815646.5011,828434.9726,22.39505127,113.9766149,TM,MAJOR ROUTE
992199-992200,992199,815656.6346,828396.2775,22.39470195,113.9767139,992200,815773.0828,827952.3328,22.39069433,113.9778504,TM,MAJOR ROUTE
992200-992201,992200,815778.0318,827932.9548,22.39051939,113.9778987,992201,815773.0828,827952.3328,22.39069433,113.9778504,TM,MAJOR ROUTE
992201-991069,992201,815782.9817,827913.5771,22.39034446,113.977947,991069,815778.0318,827932.9548,22.39051939,113.9778987,TM,MAJOR ROUTE
992202-992203,992202,815788.0094,827894.2193,22.39016971,113.9779961,992203,816116.4623,827049.3792,22.3825443,113.9811963,TM,MAJOR ROUTE
992203-992204,992203,816129.5438,827034.2506,22.38240784,113.9813235,992204,816116.4623,827049.3792,22.3825443,113.9811963,TM,MAJOR ROUTE
992204-991070,992204,816142.8485,827019.3178,22.38227314,113.9814529,991070,816129.5438,827034.2506,22.38240784,113.9813235,TM,MAJOR ROUTE
992205-992206,992205,816156.0456,827004.29,22.38213759,113.9815812,992206,817093.8982,826234.401,22.37519586,113.9906973,TM,MAJOR ROUTE
992206-992207,992206,817113.3063,826239.2307,22.37523969,113.9908857,992207,817093.8982,826234.401,22.37519586,113.9906973,TM,MAJOR ROUTE
992207-991071,992207,817132.5081,826244.798,22.37529018,113.9910721,991071,817113.3063,826239.2307,22.37523969,113.9908857,TM,MAJOR ROUTE
992208-992209,992208,817151.6159,826250.7049,22.37534373,113.9912575,992209,817850.9695,826005.7631,22.37313943,113.9980509,TM,MAJOR ROUTE
992209-992210,992209,817860.2586,825988.565,22.37298423,113.9981413,992210,817850.9695,826005.7631,22.37313943,113.9980509,TM,MAJOR ROUTE
992210-991072,992210,817870.0399,825971.1214,22.37282681,113.9982365,991072,817860.2586,825988.565,22.37298423,113.9981413,TM,MAJOR ROUTE
992211-992212,992211,817879.3961,825953.4448,22.37266728,113.9983275,992212,818711.412,825375.7481,22.3674591,114.0064124,TM,MAJOR ROUTE
992212-992213,992212,818731.1128,825372.3596,22.3674287,114.0066038,992213,818711.412,825375.7481,22.3674591,114.0064124,TM,MAJOR ROUTE
992213-991073,992213,818750.5469,825367.6548,22.36738641,114.0067925,991073,818731.1128,825372.3596,22.3674287,114.0066038,TM,MAJOR ROUTE
992214-992215,992214,818769.6203,825361.6392,22.36733228,114.0069778,992215,819501.2496,825056.6732,22.36458558,114.0140845,TM,MAJOR ROUTE
992215-992216,992215,819501.2496,825056.6732,22.36458558,114.0140845,992216,819511.5074,825039.5045,22.36443064,114.0141843,TM,MAJOR ROUTE
992216-991074,992216,819511.5074,825039.5045,22.36443064,114.0141843,991074,819521.6882,825022.2898,22.36427528,114.0142833,TM,MAJOR ROUTE
992217-992218,992217,819531.7364,825004.9972,22.36411922,114.0143811,992218,819995.5199,824405.0165,22.35870554,114.0188901,TM,MAJOR ROUTE
992218-992219,992218,819995.5199,824405.0165,22.35870554,114.0188901,992219,820008.1989,824389.5491,22.35856598,114.0190133,TM,MAJOR ROUTE
992219-991075,992219,820008.1989,824389.5491,22.35856598,114.0190133,991075,820021.1594,824374.3167,22.35842855,114.0191393,TM,MAJOR ROUTE
992220-992221,992220,820035.6587,824360.5409,22.35830428,114.0192802,992221,820817.5876,824104.7035,22.35600115,114.0268741,TM,MAJOR ROUTE
992221-992222,992221,820817.5876,824104.7035,22.35600115,114.0268741,992222,820837.5644,824105.6679,22.35601004,114.0270681,TM,MAJOR ROUTE
992222-991076,992222,820837.5644,824105.6679,22.35601004,114.0270681,991076,820857.4986,824107.2881,22.35602485,114.0272616,TM,MAJOR ROUTE
992223-992224,992223,820877.418,824109.0822,22.35604123,114.027455,992224,822003.878,824775.4275,22.36206839,114.0383852,TM,MAJOR ROUTE
992224-992225,992224,822020.4828,824786.5756,22.3621692,114.0385463,992225,822003.878,824775.4275,22.36206839,114.0383852,TM,MAJOR ROUTE
992225-991077,992225,822037.0877,824797.7236,22.36227001,114.0387074,991077,822020.4828,824786.5756,22.3621692,114.0385463,TM,MAJOR ROUTE
992226-992227,992226,822053.6834,824808.8853,22.36237095,114.0388685,992227,823563.6034,825291.8384,22.36674409,114.0535243,TM,MAJOR ROUTE
992227-992228,992227,823563.6034,825291.8384,22.36674409,114.0535243,992228,823582.4296,825298.5892,22.3668052,114.0537071,TM,MAJOR ROUTE
992228-991078,992228,823582.4296,825298.5892,22.3668052,114.0537071,991078,823601.492,825304.6311,22.3668599,114.0538921,TM,MAJOR ROUTE
992229-992230,992229,823620.6967,825310.1979,22.36691031,114.0540785,992230,824804.8856,825296.3065,22.36679318,114.0655762,TM,MAJOR ROUTE
992230-992231,992230,824804.8856,825296.3065,22.36679318,114.0655762,992231,824821.7007,825285.4783,22.3666955,114.0657395,TM,MAJOR ROUTE
992231-991079,992231,824821.7007,825285.4783,22.3666955,114.0657395,991079,824838.8395,825275.2169,22.36660295,114.065906,TM,MAJOR ROUTE
992232-992233,992232,824856.6812,825266.1795,22.36652146,114.0660793,992233,825768.6597,825837.2056,22.37168394,114.0749301,TM,MAJOR ROUTE
992233-992234,992233,825788.3222,825840.8487,22.37171696,114.075121,992234,825768.6597,825837.2056,22.37168394,114.0749301,TM,MAJOR ROUTE
992234-991080,992234,825808.2281,825842.5116,22.3717321,114.0753143,991080,825788.3222,825840.8487,22.37171696,114.075121,TM,MAJOR ROUTE
992235-992236,992235,825828.2039,825841.9638,22.37172727,114.0755082,992236,826774.482,825630.3038,22.36982136,114.0846975,TM,MAJOR ROUTE
992236-992237,992236,826774.482,825630.3038,22.36982136,114.0846975,992237,826793.5369,825624.2285,22.3697666,114.0848825,TM,MAJOR ROUTE
992237-991081,992237,826793.5369,825624.2285,22.3697666,114.0848825,991081,826812.6184,825618.2371,22.3697126,114.0850678,TM,MAJOR ROUTE
992238-992239,992238,826831.6998,825612.2456,22.3696586,114.0852531,992239,827690.8207,825707.337,22.37052183,114.0935942,TM,MAJOR ROUTE
992239-992240,992239,827706.3606,825694.7476,22.37040822,114.0937452,992240,827690.8207,825707.337,22.37052183,114.0935942,TM,MAJOR ROUTE
992240-991082,992240,827721.6418,825681.8456,22.37029178,114.0938936,991082,827706.3606,825694.7476,22.37040822,114.0937452,TM,MAJOR ROUTE
992241-993026,992241,827736.9574,825668.9848,22.37017572,114.0940424,993026,828232.3586,825962.976,22.37283301,114.098851,TM,MAJOR ROUTE
992242-992243,992242,829056.4571,825901.1323,22.37227818,114.106853,992243,829070.5015,825886.8932,22.37214965,114.1069894,TM,MAJOR ROUTE
992243-991083,992243,829070.5015,825886.8932,22.37214965,114.1069894,991083,829084.5459,825872.654,22.37202113,114.1071258,TM,MAJOR ROUTE
992244-992245,992244,815795.0103,828324.2237,22.39405293,113.9780586,992245,815802.9338,828305.8644,22.39388723,113.9781357,TM,URBAN ROAD
992245-991084,992245,815802.9338,828305.8644,22.39388723,113.9781357,991084,815811.2071,828287.6577,22.39372292,113.9782163,TM,URBAN ROAD
992246-992247,992246,815819.7469,828269.5726,22.3935597,113.9782995,992247,816103.7904,827399.628,22.38570706,113.9810688,TM,URBAN ROAD
992247-991085,992247,816103.7904,827399.628,22.38570706,113.9810688,991085,816102.5847,827379.6708,22.38552683,113.9810574,TM,URBAN ROAD
992248-992249,992248,816099.9254,827359.8492,22.3853478,113.9810318,992249,816096.1281,827340.2223,22.38517051,113.9809952,TM,URBAN ROAD
992249-992250,992249,816096.1281,827340.2223,22.38517051,113.9809952,992250,816211.6143,826562.0428,22.37814454,113.9821264,TM,URBAN ROAD
992250-992251,992250,816231.1481,826557.7499,22.378106,113.9823161,992251,816211.6143,826562.0428,22.37814454,113.9821264,TM,URBAN ROAD
992251-991086,992251,816250.8576,826554.3791,22.37807579,113.9825075,991086,816231.1481,826557.7499,22.378106,113.9823161,TM,URBAN ROAD
992252-992253,992252,816270.7124,826551.9731,22.37805429,113.9827004,992253,817294.6421,826019.6069,22.37325839,113.992649,TM,URBAN ROAD
992253-991087,992253,817307.7258,826004.5057,22.37312217,113.9927762,991087,817294.6421,826019.6069,22.37325839,113.992649,TM,URBAN ROAD
992254-992255,992254,817318.9023,825987.9259,22.37297256,113.992885,992255,817329.5246,825970.9799,22.37281965,113.9929883,TM,URBAN ROAD
992255-992256,992255,817329.5246,825970.9799,22.37281965,113.9929883,992256,818055.3384,825424.4139,22.36789174,114.0000419,TM,URBAN ROAD
992256-992257,992256,818055.3384,825424.4139,22.36789174,114.0000419,992257,818073.0618,825415.1468,22.36780824,114.0002141,TM,URBAN ROAD
992257-991088,992257,818073.0618,825415.1468,22.36780824,114.0002141,991088,818090.5262,825405.4161,22.36772056,114.0003838,TM,URBAN ROAD
992258-992259,992258,818107.4607,825394.7858,22.36762474,114.0005483,992259,819035.1368,825261.8182,22.36643353,114.0095568,TM,URBAN ROAD
992259-992260,992259,819035.1368,825261.8182,22.36643353,114.0095568,992260,819055.0322,825259.7757,22.36641529,114.00975,TM,URBAN ROAD
992260-991089,992260,819055.0322,825259.7757,22.36641529,114.00975,991089,819074.9106,825257.5773,22.36639563,114.009943,TM,URBAN ROAD
992261-992262,992261,819094.7939,825255.4226,22.36637637,114.0101361,992262,820081.1369,824220.2629,22.35703793,114.0197232,TM,URBAN ROAD
992262-992263,992262,820099.2561,824211.8274,22.35696192,114.0198992,992263,820081.1369,824220.2629,22.35703793,114.0197232,TM,URBAN ROAD
992263-991090,992263,820117.5495,824203.7475,22.35688913,114.0200768,991090,820099.2561,824211.8274,22.35696192,114.0198992,TM,URBAN ROAD
992264-992265,992264,820136.1079,824196.292,22.35682198,114.0202571,992265,821339.7453,824131.7146,22.35624969,114.0319432,TM,URBAN ROAD
992265-992266,992265,821339.7453,824131.7146,22.35624969,114.0319432,992266,821358.6616,824138.2045,22.35630846,114.0321268,TM,URBAN ROAD
992266-991091,992266,821358.6616,824138.2045,22.35630846,114.0321268,991091,821377.4565,824145.0369,22.35637032,114.0323092,TM,URBAN ROAD
992267-992268,992267,821396.1316,824152.1953,22.35643513,114.0324905,992268,822353.4512,824602.7605,22.36051199,114.0417807,TM,URBAN ROAD
992268-992269,992268,822353.4512,824602.7605,22.36051199,114.0417807,992269,822371.5206,824611.3333,22.36058955,114.041956,TM,URBAN ROAD
992269-991092,992269,822371.5206,824611.3333,22.36058955,114.041956,991092,822389.62,824619.8427,22.36066654,114.0421317,TM,URBAN ROAD
992270-992271,992270,822407.8636,824628.0355,22.36074067,114.0423087,992271,823935.1812,825166.1003,22.36561132,114.057133,TM,URBAN ROAD
992271-992272,992271,823935.1812,825166.1003,22.36561132,114.057133,992272,823953.1904,825174.787,22.3656899,114.0573078,TM,URBAN ROAD
992272-991093,992272,823953.1904,825174.787,22.3656899,114.0573078,991093,823970.7807,825184.2859,22.3657758,114.0574785,TM,URBAN ROAD
992273-992274,992273,823988.1326,825194.2307,22.36586573,114.0576469,992274,824225.8201,825390.7374,22.36764197,114.0599532,TM,URBAN ROAD
992274-992275,992274,824225.8201,825390.7374,22.36764197,114.0599532,992275,824244.2254,825398.446,22.36771172,114.0601318,TM,URBAN ROAD
992275-991094,992275,824244.2254,825398.446,22.36771172,114.0601318,991094,824263.7921,825402.5438,22.36774886,114.0603218,TM,URBAN ROAD
992276-992277,992276,824283.6024,825405.292,22.36777381,114.0605141,992277,825187.8594,825027.616,22.36436927,114.0692964,TM,URBAN ROAD
992277-992278,992277,825187.8594,825027.616,22.36436927,114.0692964,992278,825202.9549,825040.7355,22.36448784,114.0694429,TM,URBAN ROAD
992278-991095,992278,825202.9549,825040.7355,22.36448784,114.0694429,991095,825218.0823,825053.8183,22.36460609,114.0695897,TM,URBAN ROAD
992279-992280,992279,825233.3743,825066.7019,22.36472253,114.0697381,992280,826261.2133,825707.0074,22.37051112,114.0797134,TM,URBAN ROAD
992280-992281,992280,826261.2133,825707.0074,22.37051112,114.0797134,992281,826280.5768,825712.0107,22.37055642,114.0799014,TM,URBAN ROAD
992281-991096,992281,826280.5768,825712.0107,22.37055642,114.0799014,991096,826300.3737,825714.7569,22.37058133,114.0800936,TM,URBAN ROAD
992282-992283,992282,826320.3301,825715.3752,22.37058703,114.0802874,992283,827292.1239,825379.8937,22.36756281,114.0897249,TM,URBAN ROAD
992283-992284,992283,827312.0988,825378.8907,22.36755386,114.0899188,992284,827292.1239,825379.8937,22.36756281,114.0897249,TM,URBAN ROAD
992284-991097,992284,827332.0744,825377.9029,22.36754504,114.0901128,991097,827312.0988,825378.8907,22.36755386,114.0899188,TM,URBAN ROAD
992285-992286,992285,827352.0559,825377.0429,22.36753738,114.0903068,992286,828277.9835,825541.0761,22.36902324,114.0992961,TM,URBAN ROAD
992286-992287,992286,828293.9991,825553.0546,22.36913149,114.0994515,992287,828277.9835,825541.0761,22.36902324,114.0992961,TM,URBAN ROAD
992287-991098,992287,828309.5707,825565.605,22.3692449,114.0996027,991098,828293.9991,825553.0546,22.36913149,114.0994515,TM,URBAN ROAD
993001-992008,993001,839961.5617,830412.7727,22.41303175,114.212748,992008,839660.6231,829661.7624,22.40625038,114.2098235,ST,MAJOR ROUTE
993001-992014,993001,839961.5617,830412.7727,22.41303175,114.212748,992014,840041.7893,830047.5475,22.40973341,114.2135263,ST,MAJOR ROUTE
993002-992032,993002,839798.8439,827487.5595,22.38661595,114.2111611,992032,839708.1148,826786.7178,22.38028716,114.2102785,ST,MAJOR ROUTE
993002-992076,993002,839798.8439,827487.5595,22.38661595,114.2111611,992076,839448.079,826816.7108,22.38055852,114.2077536,ST,MAJOR ROUTE
993003-993004,993003,840012.1268,826325.7997,22.37612419,114.2132295,993004,839119.3684,822498.9992,22.3415678,114.204554,ST,MAJOR ROUTE
993004-992038,993004,839119.3684,822498.9992,22.3415678,114.204554,992038,839057.338,822390.3803,22.34058701,114.2039517,ST,MAJOR ROUTE
993005-992049,993005,838574.5968,828292.4425,22.39388654,114.199274,992049,837967.6535,827739.9205,22.38889769,114.1933793,ST,MAJOR ROUTE
993005-992058,993005,838574.5968,828292.4425,22.39388654,114.199274,992058,838522.8731,828072.4826,22.39190026,114.1987714,ST,MAJOR ROUTE
993006-992055,993006,837418.8699,827055.2264,22.382715,114.1880497,992055,837284.5188,826868.7598,22.3810312,114.186745,ST,MAJOR ROUTE
993007-992128,993007,837237.9165,826786.9484,22.38029243,114.1862924,992128,836305.5911,826747.8456,22.37993958,114.1772394,ST,MAJOR ROUTE
993007-993008,993007,837237.9165,826786.9484,22.38029243,114.1862924,993008,837226.514,826756.8586,22.38002071,114.1861817,ST,MAJOR ROUTE
993008-992091,993008,837226.514,826756.8586,22.38002071,114.1861817,992091,837337.3622,826343.4255,22.37628712,114.1872578,ST,URBAN ROAD
993008-992117,993008,837226.514,826756.8586,22.38002071,114.1861817,992117,836429.6433,826428.5526,22.37705619,114.1784439,ST,MAJOR ROUTE
993009-992073,993009,837825.3492,827049.691,22.3826647,114.1919968,992073,837690.6981,827173.3496,22.38378151,114.1906894,ST,MAJOR ROUTE
993010-992079,993010,839027.9925,826533.9414,22.37800569,114.203674,992079,838983.7408,826510.2715,22.37779201,114.2032443,ST,URBAN ROAD
993010-992080,993010,839027.9925,826533.9414,22.37800569,114.203674,992080,838981.1794,826517.1703,22.37785431,114.2032194,ST,MAJOR ROUTE
993011-992067,993011,838342.1431,826187.3609,22.37487685,114.1970139,992067,838092.899,826104.139,22.3741256,114.1945937,ST,MAJOR ROUTE
993012-992088,993012,836464.5067,825769.519,22.37110476,114.1787824,992088,836236.747,825639.1953,22.36992788,114.1765709,ST,URBAN ROAD
993013-992123,993013,835731.7104,825360.6228,22.36741214,114.1716674,992123,835720.8031,825351.6455,22.36733106,114.1715615,ST,MAJOR ROUTE
993014-992109,993014,836370.1951,824731.2788,22.3617289,114.1778666,992109,836210.8785,824568.9879,22.36026333,114.1763198,ST,MAJOR ROUTE
993015-992115,993015,835894.2349,824187.3438,22.35681683,114.1732457,992115,836738.5515,823043.6365,22.34648849,114.1814424,ST,MAJOR ROUTE
993016-992116,993016,836740.3734,823038.7661,22.3464445,114.1814601,992116,836744.4697,823024.51,22.34631576,114.1814999,ST,MAJOR ROUTE
993017-993018,993017,834821.9649,824311.3009,22.35793567,114.1628353,993018,833257.778,823023.9921,22.34630853,114.1476516,ST,MAJOR ROUTE
993018-992126,993018,833257.778,823023.9921,22.34630853,114.1476516,992126,832980.8479,822769.1088,22.34400628,114.1449638,ST,MAJOR ROUTE
993019-993020,993019,835129.9142,826809.3339,22.38049448,114.1658233,993020,832576.3238,826629.137,22.37886362,114.1410279,ST,MAJOR ROUTE
993020-992137,993020,832576.3238,826629.137,22.37886362,114.1410279,992137,832416.3317,826796.9569,22.38037877,114.1394739,ST,MAJOR ROUTE
993021-992140,993021,823225.0754,834996.5499,22.45437967,114.050158,992140,823206.885,834965.2862,22.4540972,114.0499816,TM,MAJOR ROUTE
993021-992141,993021,823201.4071,834969.0213,22.45413089,114.0499283,992141,823225.0754,834996.5499,22.45437967,114.050158,TM,MAJOR ROUTE
993022-993023,993022,824236.8595,829891.4274,22.40828553,114.0600264,993023,824992.7173,826271.2138,22.37559834,114.067393,TM,MAJOR ROUTE
993023-992161,993023,824992.7173,826271.2138,22.37559834,114.067393,992161,825145.491,826154.8559,22.37454856,114.0688772,TM,MAJOR ROUTE
993025-992197,993025,815628.7864,828637.3777,22.39687886,113.9764403,992197,815641.9824,828454.4554,22.39522715,113.9765708,TM,MAJOR ROUTE
993025-992244,993025,815628.7864,828637.3777,22.39687886,113.9764403,992244,815795.0103,828324.2237,22.39405293,113.9780586,TM,URBAN ROAD
993026-992242,993026,828232.3586,825962.976,22.37283301,114.098851,992242,829056.4571,825901.1323,22.37227818,114.106853,TM,MAJOR ROUTE