ID,Easting,Northing,Latitude(DDD.DDDDD),Longitude(DDD.DDDDD)
722-50059,834038.674,816345.067,22.28599503,114.155241726
724-722,834148.783,816250.647,22.285142496,114.156310311
752-875,835099.22,815634.373,22.279578054,114.16553342
756-752,835352.749,815640.774,22.279636012,114.167993464
760-756,835602.186,815600.695,22.279274186,114.170413823
762-50078,836029.641,815629.493,22.279534361,114.174561499
781-50098,836585.353,815155.819,22.275256767,114.179953597
786-7861,836793.573,815852.754,22.281550485,114.181974169
787-788,836656.904,815755.248,22.28066998,114.180647998
787-7882,836656.904,815755.248,22.28066998,114.180647998
787-50179,836656.904,815755.248,22.28066998,114.180647998
788-868,836606.459,815875.71,22.28175784,114.180158541
789-7908,836748.301,815908.341,22.282052484,114.181534896
793-877,837428.196,816174.589,22.284456547,114.188132375
793-7918,837434.612,816161.378,22.284337239,114.188194623
811-818,838249.981,817134.408,22.293123564,114.196107799
818-821,838881.248,817243.884,22.294111357,114.202233889
821-50107,839406.398,817161.385,22.293365462,114.207329899
868-870,836682.388,815883.302,22.281826383,114.18089531
870-4651,836803.159,815997.652,22.282859003,114.182067234
875-3402,834918.334,815759.379,22.280706806,114.163778139
877-46498,837616.85,816570.66,22.288033181,114.189963323
877-793,837626.399,816561.52,22.287950633,114.190055977
893-4652,832738.968,816762.428,22.289761895,114.142628904
896-724,834264.546,816083.739,22.283635349,114.157433837
910-931,840060.004,816792.715,22.290034827,114.213671729
930-931,840495.49,816655.752,22.288796951,114.217897297
930-9101,840495.49,816655.752,22.288796951,114.217897297
931-4650,839976.076,816575.425,22.288072744,114.212856794
3006-30069,834913.16,818626.797,22.306601372,114.16372552
3010-888301,835020.456,819072.594,22.31062727,114.164766491
3363-3369,839521.209,820694.514,22.325271539,114.208451228
3368-88810,839344.209,820099.964,22.319902728,114.206732056
3369-33691,839269.874,820683.627,22.325173681,114.206011656
3369-3370,839269.874,820683.627,22.325173681,114.206011656
3370-34211,839125.949,820671.968,22.325068639,114.204614646
3393-88817,838680.921,821720.124,22.334534781,114.200296627
3395-3393,838185.484,821426.384,22.331882763,114.19548706
3402-8979,834754.135,815848.947,22.281515527,114.162184783
3417-3681,837789.141,821018.42,22.328199008,114.191639436
3419-3417,837531.387,820885.152,22.326995729,114.189137421
3450-34502,837010.873,818912.021,22.309177485,114.184084134
3453-46312,836694.153,818344.939,22.304056498,114.181010131
3457-3664,836587.973,817767.834,22.298844909,114.179979547
3458-88819,836100.641,817358.907,22.295152068,114.175250252
3459-3615,835807.883,817301.615,22.294634633,114.172409259
3460-78201,835579.522,817480.928,22.296253865,114.170193108
3470-3006,834889.426,818187.326,22.302632662,114.163495556
3480-88818,836458.317,818948.326,22.309505493,114.178721438
3480-888302,836458.317,818948.326,22.309505493,114.178721438
3483-88825,836440.024,819826.139,22.317432674,114.178543996
3484-4640,836273.929,819369.685,22.31331063,114.176931903
3488-3489,836967.085,820564.744,22.32410258,114.183659887
3489-88816,837168.318,820663.995,22.324998781,114.185613169
3491-3010,835320.029,818933.626,22.309372496,114.167674037
3498-3499,835269.643,819039.869,22.310331906,114.167184961
3499-88822,835203.267,819239.124,22.312131259,114.166540628
3500-3499,835453.715,819296.604,22.312650474,114.168971313
3502-3500,835629.414,819329.703,22.312949452,114.170676547
3503-3502,835971.906,819718.872,22.316463973,114.17400054
3504-888231,836128.396,819945.362,22.318509332,114.175519377
3505-3504,836334.997,820230.44,22.32108376,114.17752464
3506-3483,836482.181,819918.657,22.318268162,114.178953177
3615-3460,835632.686,817301.908,22.294637224,114.170709102
3632-46322,842224.694,818075.31,22.301611322,114.234682512
3633-3632,842093.024,818642.008,22.3067294,114.233406751
3637-888151,841500.294,818838.784,22.30850831,114.227654896
3639-88814,840935.412,818601.61,22.306368111,114.222171905
3643-88813,839537.601,819872.588,22.317849031,114.208608654
3644-3690,839174.133,821171.9,22.329583236,114.205083247
3651-4632,841880.892,817878.688,22.299836861,114.231345315
3664-3458,836446.718,817636.666,22.297660401,114.178608716
3681-3395,837968.472,821192.37,22.32976971,114.193380312
3690-3643,839111.955,820458.628,22.323142076,114.204478436
3692-46332,834538.393,818512.558,22.30556939,114.160088498
3715-3457,837030.317,817998.638,22.300929071,114.184272407
4640-4643,836269.025,819339.592,22.313038872,114.176884307
4643-3480,836380.592,819078.673,22.310682612,114.177967104
4644-88801,835228.606,819561.765,22.315044916,114.166786346
4646-88806,836422.941,820573.545,22.324182195,114.178378266
4647-46478,836609.24,814749.535,22.271587756,114.180185283
4648-46488,835776.133,815604.834,22.279311622,114.172101664
4649-46497,838019.353,817012.047,22.292018819,114.193869616
4649-46499,838010.672,817025.768,22.292142737,114.19378539
4650-3651,839919.319,816768.747,22.289818685,114.212306476
4651-4631,836884.007,816087.665,22.28367185,114.182851773
4652-4633,833101.677,816778.101,22.289904135,114.146148572
5011-50119,840851.058,816261.521,22.285235888,114.221346549
7861-7871,836714.038,815819.064,22.281246265,114.181202404
7861-50179,836714.038,815819.064,22.281246265,114.181202404
7871-7881,836643.102,815784.132,22.280930824,114.18051408
7881-870,836592.753,815897.731,22.281956706,114.180025551
7891-789,836701.913,815918.062,22.282140283,114.181084778
7882-7891,836603.538,815878.324,22.281781446,114.180130198
7883-7891,836596.707,815890.625,22.281892533,114.180063917
7908-7909,836950.758,815938.449,22.28232431,114.183499428
7909-793,837000.797,815961.774,22.282534929,114.183984987
7918-7919,837006.391,815940.388,22.282341797,114.184039258
7919-786,836956.857,815917.381,22.28213405,114.1835586
8111-46495,838254.2,817119.959,22.292993076,114.196148723
8182-8111,838886.659,817228.946,22.29397645,114.202286374
8212-8182,839401.015,817147.538,22.293240425,114.207277634
8978-896,834523.708,815916.074,22.282121509,114.159948796
8979-8978,834575.127,815899.799,22.281974586,114.160447752
9101-50108,840052.115,816777.46,22.289897082,114.213595139
30069-888301,834823.46,818955.081,22.309565904,114.162854679
33671-3363,839539.341,820612.792,22.324533507,114.208627057
33681-3643,839352.89,820107.684,22.319972429,114.206816328
33691-33671,839284.825,820586.955,22.32430065,114.206156593
33701-3369,839125.854,820681.893,22.325158268,114.204613742
34211-33681,838961.948,820481.832,22.323351864,114.203022473
34212-34213,839032.263,820399.522,22.322608444,114.203704825
34212-33701,839032.263,820399.522,22.322608444,114.203704825
34213-34222,838795.019,820547.703,22.323946972,114.201402324
34214-34211,838796.309,820560.136,22.324059247,114.201414865
34221-34214,837768.505,820483.126,22.323365007,114.191438628
34222-888241,837777.736,820479.786,22.323334837,114.191528223
34371-88821,837346.446,819464.44,22.314165984,114.187341332
34372-3450,837354.848,819455.342,22.314083818,114.187422872
34481-34371,837004.89,818935.405,22.30938866,114.184026079
34501-34481,836830.285,818807.735,22.308235788,114.182331444
34502-88812,836989.173,818891.055,22.308988159,114.183873521
34551-34554,836573.237,818583.439,22.306210325,114.179836699
34552-88803,836588.377,818563.869,22.306033593,114.179983629
34554-34501,836683.275,818691.309,22.307184433,114.180904652
34554-888302,836683.275,818691.309,22.307184433,114.180904652
34781-36662,836398.307,818543.592,22.305850505,114.17813899
34783-88805,836432.903,818548.685,22.305896494,114.178474746
34982-36661,835297.849,819038.497,22.310319532,114.167458711
35071-3488,836398.278,820324.278,22.321931169,114.178138858
35071-3505,836398.278,820324.278,22.321931169,114.178138858
36511-46502,841899.095,817854.503,22.299618396,114.231521884
36661-34783,836000.337,818685.152,22.307128863,114.174276655
36662-3498,835997.232,818679.961,22.307081984,114.174246521
36821-3491,835268.36,819250.732,22.312236125,114.167172379
36821-34982,835268.36,819250.732,22.312236125,114.167172379
46312-46319,836633.89,818130.091,22.302116303,114.180425235
46319-46512,836650.693,817917.971,22.300200725,114.180588253
46322-36511,842034.07,817933.434,22.300330744,114.232832046
46332-46522,833112.038,816768.056,22.289813441,114.146249134
46478-46479,836600.096,814778.361,22.271848075,114.180096568
46479-781,836538.931,814955.598,22.273448651,114.179503134
46488-762,835804.774,815605.457,22.279317256,114.172379573
46495-4649,838048.299,817035.81,22.292233384,114.194150537
46497-877,837992.283,816985.248,22.291776834,114.193606898
46498-4649,837982.489,816997.558,22.291888011,114.193511869
46499-811,838040.608,817047.877,22.292342364,114.194075916
50018-760,835747.625,815588.61,22.279165101,114.17182505
50019-50018,835803.901,815589.008,22.279168711,114.172371107
50045-50049,833566.611,816541.012,22.287763863,114.150660658
50048-893,833272.432,816617.227,22.288451647,114.147805867
50049-50048,833323.351,816607.564,22.288364471,114.148299994
50058-50045,833814.842,816458.312,22.2870174,114.153069563
50059-50058,833862.7,816441.553,22.286866123,114.15353399
50076-7881,836551.318,815844.419,22.281475272,114.179623482
50076-7883,836551.318,815844.419,22.281475272,114.179623482
50078-50079,836298.985,815671.02,22.279909392,114.177175003
50079-50076,836349.205,815690.862,22.280088576,114.1776623
50098-50099,836705.363,815357.127,22.277074681,114.1811181
50099-787,836708.043,815420.557,22.277647494,114.181144122
50106-8212,839816.873,816917.947,22.291166268,114.211312678
50107-50109,839823.434,816928.645,22.291262864,114.21137637
50108-50106,839863.478,816886.033,22.290877968,114.211764862
50109-910,839875.054,816894.55,22.290954858,114.211877215
50119-930,840850.736,816287.253,22.285468265,114.221343498
50178-50019,836297.644,815654.668,22.279761723,114.17716199
50179-50178,836362.957,815673.882,22.279935235,114.177795738
78201-88820,835418.623,817893.881,22.299983014,114.168631467
88801-36821,835232.243,819528.557,22.314745031,114.166821667
88803-34781,836458.943,818526.587,22.305696933,114.178727462
88805-34551,836463.722,818544.811,22.305861507,114.178773845
88806-88807,836421.253,820544.801,22.32392262,114.178361879
88807-3506,836418.558,820503.762,22.323552013,114.178335716
88807-35071,836418.558,820503.762,22.323552013,114.178335716
88810-34212,839314.866,820127.978,22.320155764,114.206447306
88812-88827,836747.719,818732.879,22.307559819,114.181530102
88813-888131,839988.562,819731.898,22.3165776,114.212985291
88814-888141,841123.667,818587.958,22.306244304,114.22399889
88816-888161,837353.75,820779.14,22.3260385,114.187413117
88817-888171,839074.865,821794.406,22.335204991,114.204120778
88818-888181,836976.843,818412.791,22.304669149,114.183753642
88819-888191,835948.908,817311.201,22.294721232,114.1737778
88820-888201,835350.224,818078.55,22.301650654,114.167967575
88821-888211,837650.4,820182.864,22.320653563,114.190292012
88822-888221,835098.871,819181.09,22.31160711,114.165527458
88824-34372,837662.065,820185.169,22.320674369,114.190405235
88825-3484,836306.663,819564.477,22.315069718,114.177249609
88827-34552,836712.602,818694.748,22.307215482,114.181189275
88827-888303,836712.602,818694.748,22.307215482,114.181189275
888131-3639,840039.042,819687.873,22.316179918,114.213475135
888141-3637,841171.818,818619.044,22.306524893,114.224466294
888151-3633,842053.671,818696.967,22.307225846,114.233025025
888161-3419,837403.608,820809.184,22.326309783,114.187897081
888171-3644,839124.326,821765.411,22.334943068,114.204600847
888181-3715,837009.054,818365.583,22.304242819,114.184066226
888191-3459,835889.633,817306.075,22.294674929,114.173202581
888201-3470,835346.075,818138.176,22.302189111,114.167927276
888211-34221,837668.17,820248.692,22.321248014,114.190464546
888221-3010,835058.429,819127.715,22.311125073,114.165134991
888231-3503,836009.355,819775.102,22.316971769,114.174364003
888241-88824,837675.498,820244.302,22.321208364,114.190535669
888301-3692,834711.437,818893.39,22.309008699,114.161767523
888302-888303,836661.066,818660.839,22.306909276,114.180689103
888303-3453,836748.998,818560.257,22.306000937,114.181542462
991001-992001,839366.623,831956.751,22.426975798,114.20697265
991002-992004,839779.5942,831665.8416,22.42434795,114.210983374
991003-992007,840045.5985,830856.5948,22.417039496,114.213565217
991004-992010,839626.6447,829640.6637,22.406059915,114.209493462
991005-992013,839405.757,829500.7652,22.404796981,114.20734793
991006-992016,840070.5651,830019.7784,22.40948258,114.213805711
991007-992019,840490.1867,829644.7296,22.40609472,114.21788017
991008-992022,839952.6525,828933.4681,22.399672914,114.212658005
991009-992025,839637.9304,828139.0579,22.392499635,114.20959989
991010-992028,839740.3615,827835.4641,22.389757822,114.21059394
991011-992031,839804.9982,827644.9759,22.388037484,114.211221194
991012-992034,839711.674,826746.8869,22.379927462,114.210313008
991013-992037,839807.1027,826543.7115,22.378092487,114.211239185
991015-992042,839111.0813,829209.2483,22.402164952,114.204485553
991016-992045,838796.4868,828696.9862,22.397539461,114.20142949
991017-992048,838612.2601,828386.4564,22.394735481,114.199639936
991018-992051,837938.7638,827712.2549,22.388647885,114.193098779
991019-992054,837594.6015,827298.4258,22.384911095,114.189756354
991020-992057,837263.76,826834.5752,22.380722506,114.186543424
991021-992060,838517.5981,828032.8572,22.391542426,114.198720156
991022-992063,838801.8698,827158.2589,22.383643953,114.201479318
991023-992066,838722.7843,826856.6227,22.380920136,114.2007109
991024-992069,838054.3346,826093.5234,22.374029773,114.194219243
991025-992072,838242.7559,826686.7859,22.379387041,114.196049503
991026-992075,837659.7936,827198.7015,22.384010481,114.190389315
991027-992078,839415.3356,826793.7356,22.3803511,114.207435607
991028-992083,838945.8334,826497.5147,22.377676867,114.202876154
991029-992084,838942.7616,826506.0542,22.377753988,114.202846341
991030-992086,836656.6604,825230.9441,22.366241106,114.180647961
991031-992090,836206.7041,825612.9401,22.369690781,114.176279226
991032-992093,837360.8479,826311.0536,22.375994769,114.187485809
991033-992098,837474.4798,825673.9347,22.370241169,114.188588679
991034-992101,837199.7423,825298.8755,22.366854353,114.185920898
991035-992104,836829.4388,825077.9264,22.364859225,114.182325449
991035-992105,836829.4388,825077.9264,22.364859225,114.182325449
991036-992108,836598.4275,824923.0784,22.363460924,114.180082501
991037-992111,836183.6178,824539.7161,22.359998983,114.176055125
991038-992114,835900.1843,824326.9328,22.358077396,114.17330338
991040-992119,836391.9839,826415.0704,22.376934442,114.178078256
991041-992122,836062.4749,825884.5289,22.372143363,114.174878806
991042-992125,835690.2532,825325.825,22.367097881,114.171264874
991044-992130,836277.2082,826776.0309,22.380194111,114.176963792
991045-992133,835424.401,826885.7949,22.381185132,114.168682823
991046-992136,835265.3781,826845.1303,22.380817825,114.167138697
991048-992139,823591.6094,836073.4027,22.464106854,114.053710453
991049-992144,823185.5732,834931.4385,22.453791382,114.049774809
991050-992145,823176.8556,834937.502,22.453846071,114.049690065
991051-992148,823142.5967,834110.2602,22.446375463,114.049364059
991052-992151,823678.326,833427.3258,22.440212294,114.054573944
991053-992154,824251.1477,832940.7513,22.435822428,114.060142198
991054-992157,824679.3904,831538.9385,22.423166375,114.064312363
991055-992160,824477.5608,830423.9415,22.413096055,114.062360216
991056-992163,825177.4052,826130.7426,22.374331013,114.069187264
991057-992166,822969.5934,834398.4122,22.448976263,114.047680965
991058-992169,822177.0044,834112.8398,22.446391077,114.039983545
991059-992172,821747.3574,832993.3182,22.436277722,114.035819849
991060-992175,820906.7252,832776.8246,22.434315353,114.027656
991061-992178,819759.5232,833094.2347,22.437171024,114.016508896
991062-992181,818886.8447,833053.8075,22.436797309,114.008032053
991063-992184,818300.1592,832427.9648,22.431139626,114.002340015
991064-992187,817587.5165,831555.5985,22.423254157,113.995427874
991065-992190,816688.3112,830696.8154,22.41548893,113.986704344
991066-992193,815971.785,830346.7926,22.412319734,113.979749489
991067-992196,815710.3657,829102.0231,22.4010758,113.977226548
991068-992199,815651.5824,828415.6289,22.394876645,113.976664544
991069-992202,815782.9817,827913.5771,22.390344462,113.977947029
991070-992205,816142.8485,827019.3178,22.382273142,113.981452911
991071-992208,817132.5081,826244.798,22.375290177,113.991072057
991072-992211,817870.0399,825971.1214,22.372826805,113.998236489
991073-992214,818750.5469,825367.6548,22.367386411,114.006792499
991074-992217,819521.6882,825022.2898,22.364275282,114.014283323
991075-992220,820021.1594,824374.3167,22.358428549,114.019139296
991076-992223,820857.4986,824107.2881,22.356024846,114.027261582
991077-992226,822037.0877,824797.7236,22.362270013,114.038707444
991078-992229,823601.492,825304.6311,22.366859898,114.053892088
991079-992232,824838.8395,825275.2169,22.366602951,114.065905996
991080-992235,825808.2281,825842.5116,22.371732096,114.075314289
991081-992238,826812.6184,825618.2371,22.369712603,114.085067823
991082-992241,827721.6418,825681.8456,22.370291784,114.093893592
991084-992246,815811.2071,828287.6577,22.393722918,113.978216323
991085-992248,816102.5847,827379.6708,22.385526826,113.981057386
991086-992252,816250.8576,826554.3791,22.378075789,113.982507539
991087-992254,817307.7258,826004.5057,22.373122165,113.992776237
991088-992258,818090.5262,825405.4161,22.367720555,114.000383766
991089-992261,819074.9106,825257.5773,22.366395633,114.009943012
991090-992264,820117.5495,824203.7475,22.35688913,114.020076835
991091-992267,821377.4565,824145.0369,22.356370321,114.032309227
991092-992270,822389.62,824619.8427,22.360666539,114.042131692
991093-992273,823970.7807,825184.2859,22.365775802,114.057478524
991094-992276,824263.7921,825402.5438,22.367748857,114.060321779
991095-992279,825218.0823,825053.8183,22.364606086,114.069589678
991096-992282,826300.3737,825714.7569,22.370581331,114.080093612
991097-992285,827332.0744,825377.9029,22.367545039,114.090112795
992001-992002,839383.2297,831945.6056,22.426875119,114.207133936
992002-992003,839747.8294,831690.1189,22.42456725,114.210674887
992003-991002,839764.0805,831678.4641,22.424461969,114.210832713
992004-992005,839795.1736,831653.3068,22.424234722,114.211134672
992005-992006,840049.3542,830876.239,22.417216884,114.213601742
992006-991003,840045.5985,830856.5948,22.417039496,114.213565217
992007-993001,840041.9818,830836.9245,22.416861871,114.213530042
992008-992009,839660.6231,829661.7624,22.40625038,114.209823504
992009-991004,839643.6913,829651.1238,22.406154341,114.20965904
992010-992011,839609.108,829631.0478,22.405973113,114.209323126
992011-992012,839438.147,829524.2363,22.405008877,114.207662545
992012-991005,839421.952,829512.5007,22.404902928,114.207505238
992013-992040,839389.8365,829488.6599,22.404687693,114.207193289
992014-992015,840041.7893,830047.5475,22.409733412,114.2135263
992015-991006,840056.0118,830033.497,22.409606497,114.213664399
992016-992017,840085.3499,830006.3124,22.409360942,114.213949272
992017-992018,840461.9501,829673.0274,22.406350333,114.217606012
992018-991007,840476.4708,829659.2832,22.40622618,114.217747
992019-992020,840502.6709,829629.1446,22.405953949,114.218001375
992020-992021,839979.073,828963.5006,22.399944066,114.212914658
992021-991008,839965.8628,828948.4844,22.399808491,114.212786332
992022-992023,839939.9847,828917.9914,22.399533179,114.212534945
992023-992024,839635.9058,828178.9927,22.392860271,114.209580314
992024-991009,839636.6871,828159.0091,22.392679807,114.209587859
992025-992026,839639.9199,828119.1577,22.392319922,114.209619168
992026-992027,839723.5084,827871.7399,22.390085446,114.210430361
992027-991010,839731.8412,827853.5584,22.389921241,114.210511241
992028-992029,839748.5206,827817.2041,22.389592909,114.210673132
992029-992030,839798.2317,827684.3824,22.388393359,114.211155574
992030-991011,839801.9379,827664.7404,22.388215973,114.21119152
992031-993002,839806.8037,827625.0576,22.387857607,114.211238683
992032-992033,839708.1148,826786.7178,22.380287163,114.210278534
992033-991012,839709.4994,826766.7684,22.380107007,114.210291935
992034-992035,839714.466,826727.0828,22.379748615,114.210340076
992035-992036,839793.3495,826558.2313,22.378223636,114.211105673
992036-991013,839807.1027,826543.7115,22.378092487,114.211239185
992037-993003,839821.5224,826529.8525,22.377967303,114.21137917
992038-992039,839057.338,822390.3803,22.340587009,114.203951683
992039-991014,839047.9111,822372.7431,22.34042775,114.203860142
992040-992041,839136.072,829240.4802,22.40244695,114.204728311
992041-991015,839123.5445,829224.8903,22.402306187,114.20460662
992042-992043,839098.9246,829193.3671,22.402021557,114.204367462
992043-992044,838816.9719,828731.3422,22.397849682,114.201628484
992044-991016,838806.7973,828714.1237,22.397694206,114.201529646
992045-992046,838785.95,828679.9869,22.397385964,114.201327136
992046-992047,838631.6616,828421.4301,22.395051285,114.1998284
992047-991017,838621.8752,828403.9884,22.394893791,114.199733336
992048-993005,838603.3507,828368.5505,22.394573794,114.199553389
992049-992050,837967.6535,827739.9205,22.388897691,114.193379349
992050-991018,837953.2086,827726.0877,22.388772788,114.193239063
992051-992052,837924.3189,827698.4222,22.388522983,114.192958493
992052-992053,837617.5422,827331.1935,22.385206986,114.189979147
992053-991019,837606.0718,827314.8096,22.38505904,114.18986775
992054-993006,837582.6504,827282.3892,22.384766285,114.189640289
992055-992056,837284.5188,826868.7598,22.381031198,114.186745019
992056-991020,837274.0175,826851.7385,22.380877493,114.186643038
992057-993007,837254.1195,826817.052,22.380564268,114.186449802
992058-992059,838522.8731,828072.4826,22.391900257,114.198771438
992059-991021,838519.6815,828052.7404,22.391721979,114.198740416
992060-992061,838517.0735,828012.8675,22.39136191,114.198715034
992061-992062,838811.9864,827196.9584,22.383993415,114.201577616
992062-991022,838806.9281,827177.6087,22.383818685,114.201528467
992063-992064,838797.0151,827138.857,22.383468751,114.201432146
992064-992065,838734.9603,826894.7221,22.381264176,114.20082919
992065-991023,838729.0773,826875.6069,22.381091564,114.200772036
992066-993011,838716.5506,826837.619,22.380748531,114.20065034
992067-992068,838092.899,826104.139,22.374125596,114.194593706
992068-991024,838073.5864,826098.9424,22.374078689,114.19440618
992069-992095,838035.007,826088.3828,22.37398337,114.194031572
992070-992071,838276.0978,826664.7014,22.379187567,114.196373229
992071-991025,838259.2138,826675.422,22.3792844,114.196209297
992072-993009,838226.7133,826698.7152,22.379494787,114.195893742
992073-992074,837690.6981,827173.3496,22.383781514,114.190689389
992074-991026,837675.7141,827186.5961,22.383901149,114.190543899
992075-993006,837644.8515,827211.9955,22.384130544,114.190244232
992076-992077,839448.079,826816.7108,22.380558518,114.207753598
992077-991027,839431.7223,826805.2018,22.380454616,114.207594748
992078-993010,839398.8817,826782.3659,22.380248456,114.207275815
992079-992081,838983.7408,826510.2715,22.377792008,114.203244257
992080-992082,838981.1794,826517.1703,22.377854312,114.203219397
992081-991028,838964.8577,826503.6851,22.377732559,114.203060891
992082-991029,838962.0515,826511.3344,22.377801641,114.203033655
992083-992070,838926.5662,826492.1503,22.377628454,114.202689061
992084-993011,838923.395,826501.0864,22.377709156,114.202658283
992085-991030,836656.0799,825210.9778,22.3660608,114.18064232
992086-992087,836659.2815,825250.7689,22.366420134,114.180673415
992087-993012,836662.3902,825270.5251,22.366598543,114.180703603
992088-992089,836236.747,825639.1953,22.36992788,114.176570926
992089-991031,836220.8845,825627.0439,22.369818146,114.17641691
992090-993013,836192.2695,825599.0966,22.369565766,114.176139075
992091-992092,837337.3622,826343.4255,22.37628712,114.187257787
992092-991032,837360.8479,826311.0536,22.375994769,114.187485809
992093-992094,837373.0467,826295.2047,22.375851638,114.187604247
992094-992096,837491.5723,825684.0085,22.370332128,114.188754646
992095-992097,837502.1187,825702.8392,22.370502172,114.188857061
992096-991033,837491.5723,825684.0085,22.370332128,114.188754646
992097-991033,837488.4721,825688.2251,22.370370209,114.188724548
992098-992099,837459.0037,825661.2902,22.370126993,114.188438404
992099-992100,837214.8505,825311.9805,22.36697269,114.186067595
992100-991034,837199.7423,825298.8755,22.366854353,114.185920898
992101-992102,837184.6222,825285.7842,22.36673614,114.185774086
992102-992103,836864.8479,825096.5262,22.365027179,114.182669247
992103-991035,836847.0874,825087.3325,22.364944161,114.182496805
992104-992085,836818.4768,825061.2293,22.364708445,114.182219012
992105-992106,836811.8545,825068.3982,22.364773186,114.182154718
992106-992107,836612.2475,824937.5317,22.363591442,114.180216683
992107-991036,836598.4275,824923.0784,22.363460924,114.180082501
992108-993014,836585.425,824907.8819,22.363323694,114.179956256
992109-992110,836210.8785,824568.9879,22.360263325,114.176319792
992110-991037,836197.2106,824554.3869,22.360131469,114.176187094
992111-992112,836170.017,824525.0533,22.359866569,114.175923078
992112-992113,835912.9395,824342.2889,22.358216073,114.173427212
992113-991038,835900.1843,824326.9328,22.358077396,114.17330338
992114-993015,835890.0467,824309.764,22.35792235,114.173204961
992115-993016,836740.3734,823038.7661,22.346444504,114.181460094
992116-991039,836746.3219,823004.6312,22.346136245,114.181517831
992117-992118,836429.6433,826428.5526,22.37705619,114.178443928
992118-991040,836410.8136,826421.8115,22.376995316,114.178261092
992119-992120,836373.0522,826408.6212,22.376876204,114.177894429
992120-992121,836076.4215,825922.0151,22.372481884,114.175014217
992121-991041,836069.6027,825903.2134,22.372312094,114.174948012
992122-993013,836055.1085,825865.9349,22.371975448,114.174807283
992123-992124,835720.8031,825351.6455,22.367331064,114.171561483
992124-991042,835705.5282,825338.7353,22.367214473,114.171413179
992125-993017,835674.5113,825313.493,22.366986511,114.171112037
992126-992127,832980.8479,822769.1088,22.344006278,114.144963776
992127-991043,832966.4794,822755.2031,22.343880674,114.14482432
992128-992129,836305.5911,826747.8456,22.379939582,114.177239394
992129-991044,836291.3997,826761.9382,22.380066846,114.177101594
992130-992131,836262.9832,826790.0885,22.380321059,114.176825665
992131-992132,835463.0772,826895.996,22.381277272,114.169058373
992132-991045,835443.7725,826890.7694,22.381230064,114.168870922
992133-992134,835404.9662,826881.0739,22.38114249,114.168494109
992134-992135,835304.1506,826854.9632,22.380906643,114.16751518
992135-991046,835284.7557,826850.0807,22.38086254,114.167326854
992136-993019,835246.0144,826840.1255,22.380772617,114.166950674
992137-992138,832416.3317,826796.9569,22.38037877,114.139473939
992138-991047,832401.9462,826810.8515,22.380504214,114.13933422
992139-993021,823587.3091,836053.8705,22.463930438,114.053668827
992140-992142,823196.1382,834948.4203,22.453944816,114.049877311
992141-992143,823188.3683,834953.8558,22.453993841,114.04980178
992142-991049,823185.5732,834931.4385,22.453791382,114.049774809
992143-991050,823176.8556,834937.502,22.453846071,114.049690065
992144-992164,823175.8512,834913.9605,22.453633474,114.049680501
992145-992146,823165.6758,834920.9233,22.453696273,114.049581587
992146-992147,823128.7596,834147.7907,22.446714273,114.049229325
992147-991051,823135.6781,834129.0254,22.446544868,114.049296692
992148-992149,823149.6202,834091.534,22.446206411,114.049432445
992149-992150,823647.792,833453.1641,22.4404454,114.054277122
992150-991052,823663.0466,833440.23,22.440328712,114.054425413
992151-992152,823693.8437,833414.7083,22.440098466,114.054724788
992152-992153,824237.745,832955.5954,22.435956383,114.060011892
992153-991053,824251.1477,832940.7513,22.435822428,114.060142198
992154-992155,824264.1649,832925.5673,22.435685401,114.060268762
992155-992156,824679.2237,831558.9361,22.423346961,114.064310599
992156-991054,824679.3904,831538.9385,22.423166375,114.064312363
992157-992158,824679.2074,831518.9393,22.422985771,114.064310731
992158-992159,824486.8414,830441.658,22.413256107,114.062450222
992159-991055,824477.5608,830423.9415,22.413096055,114.062360216
992160-993022,824467.8497,830406.4575,22.412938099,114.062266027
992161-992162,825161.5023,826142.8711,22.374440437,114.069032767
992162-991056,825177.4052,826130.7426,22.374331013,114.069187264
992163-993024,825193.276,826118.5723,22.374221212,114.06934145
992164-992165,823004.7494,834417.2961,22.449147065,114.048022345
992165-991057,822987.6478,834406.9401,22.449053414,114.047856291
992166-992167,822950.9647,834391.1871,22.448910872,114.047500048
992167-992168,822196.8346,834147.5226,22.446704441,114.040175883
992168-991058,822186.2266,834130.584,22.446551391,114.040072979
992169-992170,822168.4672,834094.7564,22.446227706,114.039900768
992170-992171,821762.1539,833006.7741,22.43639936,114.03596346
992171-991059,821747.3574,832993.3182,22.436277722,114.035819849
992172-992173,821732.5605,832979.8626,22.436156087,114.035676234
992173-992174,820946.0188,832769.3458,22.434248169,114.028037766
992174-991060,820926.3911,832773.1865,22.434282676,114.027847067
992175-992176,820887.0664,832780.5028,22.434348393,114.027465
992176-992177,819794.9057,833075.5778,22.437002885,114.016852798
992177-991061,819777.2144,833084.9062,22.437086954,114.016680847
992178-992179,819741.3883,833102.6634,22.437246964,114.016332644
992179-992180,818924.7289,833066.6428,22.436913602,114.008399922
992180-991062,818905.7843,833060.2332,22.436855528,114.008215963
992181-992182,818867.9042,833047.3844,22.436739114,114.007848133
992182-992183,818313.0527,832465.8292,22.431481693,114.002464831
992183-991063,818306.6999,832446.865,22.431310371,114.002403336
992184-992185,818293.611,832409.0671,22.430968903,114.002276622
992185-992186,817619.739,831579.2921,22.423468472,113.995740578
992186-991064,817603.4929,831567.6284,22.423362966,113.995582914
992187-992188,817571.6781,831543.3901,22.423143737,113.995274177
992188-992189,816727.7899,830703.223,22.415547244,113.987087705
992189-991065,816708.0996,830699.7172,22.415515361,113.986896504
992190-992191,816668.4696,830694.3031,22.415466016,113.986511662
992191-992192,815982.2689,830385.3941,22.412668447,113.979850821
992192-991066,815977.0089,830366.0982,22.412494134,113.979799979
992193-992194,815966.4901,830327.5068,22.412145512,113.979698308
992194-992195,815717.876,829141.3071,22.401430642,113.977298978
992195-991067,815714.0945,829121.6699,22.401253264,113.977262507
992196-993025,815706.5987,829082.3819,22.400898386,113.977190218
992197-992198,815646.5011,828434.9726,22.395051266,113.976614949
992198-991068,815651.5824,828415.6289,22.394876645,113.976664544
992199-992200,815656.6346,828396.2775,22.394701953,113.976713857
992200-992201,815778.0318,827932.9548,22.390519392,113.977898712
992201-991069,815782.9817,827913.5771,22.390344462,113.977947029
992202-992203,815788.0094,827894.2193,22.390169712,113.9779961
992203-992204,816129.5438,827034.2506,22.382407837,113.981323531
992204-991070,816142.8485,827019.3178,22.382273142,113.981452911
992205-992206,816156.0456,827004.29,22.382137589,113.981581248
992206-992207,817113.3063,826239.2307,22.375239687,113.990885679
992207-991071,817132.5081,826244.798,22.375290177,113.991072057
992208-992209,817151.6159,826250.7049,22.375343732,113.991257519
992209-992210,817860.2586,825988.565,22.372984225,113.998141316
992210-991072,817870.0399,825971.1214,22.372826805,113.998236489
992211-992212,817879.3961,825953.4448,22.372667277,113.998327538
992212-992213,818731.1128,825372.3596,22.367428699,114.006603757
992213-991073,818750.5469,825367.6548,22.367386411,114.006792499
992214-992215,818769.6203,825361.6392,22.367332281,114.006977754
992215-992216,819501.2496,825056.6732,22.364585582,114.014084523
992216-991074,819511.5074,825039.5045,22.36443064,114.014184297
992217-992218,819531.7364,825004.9972,22.364119219,114.014381063
992218-992219,819995.5199,824405.0165,22.358705542,114.018890058
992219-991075,820008.1989,824389.5491,22.358565983,114.019013312
992220-992221,820035.6587,824360.5409,22.358304284,114.019280204
992221-992222,820817.5876,824104.7035,22.356001147,114.026874132
992222-991076,820837.5644,824105.6679,22.356010036,114.027068067
992223-992224,820877.418,824109.0822,22.356041226,114.027454952
992224-992225,822020.4828,824786.5756,22.362169203,114.038546328
992225-991077,822037.0877,824797.7236,22.362270013,114.038707444
992226-992227,822053.6834,824808.8853,22.362370946,114.03886847
992227-992228,823563.6034,825291.8384,22.366744094,114.053524321
992228-991078,823582.4296,825298.5892,22.366805196,114.053707055
992229-992230,823620.6967,825310.1979,22.366910311,114.054078507
992230-992231,824804.8856,825296.3065,22.366793175,114.065576178
992231-991079,824821.7007,825285.4783,22.366695503,114.065739518
992232-992233,824856.6812,825266.1795,22.366521457,114.066079289
992233-992234,825788.3222,825840.8487,22.371716958,114.075121022
992234-991080,825808.2281,825842.5116,22.371732096,114.075314289
992235-992236,825828.2039,825841.9638,22.371727271,114.075508249
992236-992237,826774.482,825630.3038,22.369821361,114.084697468
992237-991081,826793.5369,825624.2285,22.369766603,114.084882517
992238-992239,826831.6998,825612.2456,22.369658601,114.085253128
992239-992240,827706.3606,825694.7476,22.37040822,114.093745151
992240-991082,827721.6418,825681.8456,22.370291784,114.093893592
992241-993026,827736.9574,825668.9848,22.370175721,114.094042367
992242-992243,829056.4571,825901.1323,22.372278182,114.106852971
992243-991083,829070.5015,825886.8932,22.372149654,114.106989401
992244-992245,815795.0103,828324.2237,22.394052932,113.978058566
992245-991084,815802.9338,828305.8644,22.393887234,113.978135747
992246-992247,815819.7469,828269.5726,22.393559703,113.978299486
992247-991085,816103.7904,827399.628,22.385707063,113.981068842
992248-992249,816099.9254,827359.8492,22.385347797,113.981031813
992249-992250,816096.1281,827340.2223,22.385170512,113.980995188
992250-992251,816231.1481,826557.7499,22.378105999,113.982316118
992251-991086,816250.8576,826554.3791,22.378075789,113.982507539
992252-992253,816270.7124,826551.9731,22.378054293,113.982700359
992253-991087,817307.7258,826004.5057,22.373122165,113.992776237
992254-992255,817318.9023,825987.9259,22.372972564,113.992884954
992255-992256,817329.5246,825970.9799,22.372819651,113.992988293
992256-992257,818055.3384,825424.4139,22.367891742,114.000041902
992257-991088,818073.0618,825415.1468,22.367808243,114.000214089
992258-992259,818107.4607,825394.7858,22.367624738,114.000548309
992259-992260,819035.1368,825261.8182,22.366433532,114.009556795
992260-991089,819055.0322,825259.7757,22.366415287,114.009749985
992261-992262,819094.7939,825255.4226,22.366376374,114.010136086
992262-992263,820099.2561,824211.8274,22.356961923,114.019899151
992263-991090,820117.5495,824203.7475,22.35688913,114.020076835
992264-992265,820136.1079,824196.292,22.356821977,114.020257085
992265-992266,821339.7453,824131.7146,22.356249687,114.031943232
992266-991091,821358.6616,824138.2045,22.356308458,114.03212682
992267-992268,821396.1316,824152.1953,22.356435127,114.032490468
992268-992269,822353.4512,824602.7605,22.360511985,114.041780686
992269-991092,822371.5206,824611.3333,22.360589548,114.041956043
992270-992271,822407.8636,824628.0355,22.360740672,114.042308745
992271-992272,823935.1812,825166.1003,22.365611321,114.057133024
992272-991093,823953.1904,825174.787,22.365689896,114.057307811
992273-992274,823988.1326,825194.2307,22.365865733,114.05764692
992274-992275,824225.8201,825390.7374,22.367641973,114.059953186
992275-991094,824244.2254,825398.446,22.367711715,114.060131831
992276-992277,824283.6024,825405.292,22.367773813,114.060514102
992277-992278,825187.8594,825027.616,22.364369271,114.069296423
992278-991095,825202.9549,825040.7355,22.364487844,114.069442896
992279-992280,825233.3743,825066.7019,22.36472253,114.069738061
992280-992281,826261.2133,825707.0074,22.370511121,114.079713433
992281-991096,826280.5768,825712.0107,22.370556416,114.079901411
992282-992283,826320.3301,825715.3752,22.37058703,114.080287375
992283-992284,827312.0988,825378.8907,22.367553855,114.08991884
992284-991097,827332.0744,825377.9029,22.367545039,114.090112795
992285-992286,827352.0559,825377.0429,22.367537376,114.090306806
992286-992287,828293.9991,825553.0546,22.369131486,114.099451529
992287-991098,828309.5707,825565.605,22.369244895,114.099602657
993001-992008,839961.5617,830412.7727,22.41303175,114.212747959
993001-992014,839961.5617,830412.7727,22.41303175,114.212747959
993002-992032,839798.8439,827487.5595,22.386615945,114.211161083
993002-992076,839798.8439,827487.5595,22.386615945,114.211161083
993003-993004,840012.1268,826325.7997,22.376124192,114.213229464
993004-992038,839119.3684,822498.9992,22.341567798,114.204554033
993005-992049,838574.5968,828292.4425,22.393886539,114.199274045
993005-992058,838574.5968,828292.4425,22.393886539,114.199274045
993006-992055,837418.8699,827055.2264,22.382715004,114.188049735
993007-992128,837237.9165,826786.9484,22.380292425,114.186292449
993007-993008,837237.9165,826786.9484,22.380292425,114.186292449
993008-992091,837226.514,826756.8586,22.380020705,114.186181711
993008-992117,837226.514,826756.8586,22.380020705,114.186181711
993009-992073,837825.3492,827049.691,22.382664695,114.191996787
993010-992079,839027.9925,826533.9414,22.378005689,114.203673983
993010-992080,839027.9925,826533.9414,22.378005689,114.203673983
993011-992067,838342.1431,826187.3609,22.374876851,114.197013915
993012-992088,836464.5067,825769.519,22.371104761,114.178782368
993013-992123,835731.7104,825360.6228,22.367412138,114.171667382
993014-992109,836370.1951,824731.2788,22.361728898,114.177866575
993015-992115,835894.2349,824187.3438,22.356816829,114.173245651
993016-992116,836740.3734,823038.7661,22.346444504,114.181460094
993017-993018,834821.9649,824311.3009,22.357935665,114.162835343
993018-992126,833257.778,823023.9921,22.346308525,114.147651643
993019-993020,835129.9142,826809.3339,22.38049448,114.165823337
993020-992137,832576.3238,826629.137,22.37886362,114.141027881
993021-992140,823225.0754,834996.5499,22.454379667,114.050158049
993021-992141,823201.4071,834969.0213,22.454130892,114.049928331
993022-993023,824236.8595,829891.4274,22.408285527,114.060026438
993023-992161,824992.7173,826271.2138,22.375598338,114.067392998
993025-992197,815628.7864,828637.3777,22.396878863,113.976440299
993025-992244,815628.7864,828637.3777,22.396878863,113.976440299
993026-992242,828232.3586,825962.976,22.372833005,114.098850974
